{
    "mean_fit_time": 0.7294509887695313,
    "std_fit_time": 0.34391822864476357,
    "mean_score_time": 1.035260009765625,
    "std_score_time": 0.38718918245932077,
    "param_metric": "cosine",
    "param_n_neighbors": 4,
    "param_weights": "distance",
    "params": {
        "metric": "cosine",
        "n_neighbors": 4,
        "weights": "distance"
    },
    "split0_test_accuracy": 0.97815362931642,
    "split1_test_accuracy": 0.981677237491191,
    "split2_test_accuracy": 0.9873150105708245,
    "split3_test_accuracy": 0.9802677942212826,
    "split4_test_accuracy": 0.9837914023960536,
    "mean_test_accuracy": 0.9822410147991544,
    "std_test_accuracy": 0.0031326442242273077,
    "rank_test_accuracy": 1,
    "split0_train_accuracy": 1.0,
    "split1_train_accuracy": 1.0,
    "split2_train_accuracy": 1.0,
    "split3_train_accuracy": 1.0,
    "split4_train_accuracy": 1.0,
    "mean_train_accuracy": 1.0,
    "std_train_accuracy": 0.0,
    "split0_test_precision": 0.9802523616166292,
    "split1_test_precision": 0.9830139696211124,
    "split2_test_precision": 0.9905658697923027,
    "split3_test_precision": 0.9829995777952361,
    "split4_test_precision": 0.984303619847441,
    "mean_test_precision": 0.9842270797345443,
    "std_test_precision": 0.0034340325875104067,
    "rank_test_precision": 2,
    "split0_train_precision": 1.0,
    "split1_train_precision": 1.0,
    "split2_train_precision": 1.0,
    "split3_train_precision": 1.0,
    "split4_train_precision": 1.0,
    "mean_train_precision": 1.0,
    "std_train_precision": 0.0,
    "split0_test_recall": 0.9809526200514895,
    "split1_test_recall": 0.9847319577714615,
    "split2_test_recall": 0.9869197850105785,
    "split3_test_recall": 0.9817357663534256,
    "split4_test_recall": 0.9864742054629079,
    "mean_test_recall": 0.9841628669299727,
    "std_test_recall": 0.002427478104220704,
    "rank_test_recall": 1,
    "split0_train_recall": 1.0,
    "split1_train_recall": 1.0,
    "split2_train_recall": 1.0,
    "split3_train_recall": 1.0,
    "split4_train_recall": 1.0,
    "mean_train_recall": 1.0,
    "std_train_recall": 0.0,
    "split0_test_f1_score": 0.9805718419435993,
    "split1_test_f1_score": 0.983859506243812,
    "split2_test_f1_score": 0.9886730963677375,
    "split3_test_f1_score": 0.9823649151309355,
    "split4_test_f1_score": 0.9853482892438903,
    "mean_test_f1_score": 0.9841635297859949,
    "std_test_f1_score": 0.002755631044862524,
    "rank_test_f1_score": 1,
    "split0_train_f1_score": 1.0,
    "split1_train_f1_score": 1.0,
    "split2_train_f1_score": 1.0,
    "split3_train_f1_score": 1.0,
    "split4_train_f1_score": 1.0,
    "mean_train_f1_score": 1.0,
    "std_train_f1_score": 0.0,
    "rank_train_f1_score": 1,
    "rank_train_accuracy": 1,
    "rank_train_recall": 1,
    "rank_train_precision": 1,
    "embedding_generation_time": 356.0223104953766,
    "embedding_generation_size": 59736,
    "system_prompt": "You are an intelligent assistant that follows the user\u2019s instructions closely. Respond to the user's queries in a clear, concise, and helpful manner. Ensure that all answers are accurate, relevant, and tailored to the user's needs. Stay focused on providing valuable information and completing tasks as requested by the user.",
    "user_prompt": ""
}