{
    "mean_fit_time": 0.39544291496276857,
    "std_fit_time": 0.0024604583219956597,
    "mean_score_time": 15.838054180145264,
    "std_score_time": 0.10248648398378288,
    "param_metric": "manhattan",
    "param_n_neighbors": 11,
    "param_weights": "distance",
    "params": {
        "metric": "manhattan",
        "n_neighbors": 11,
        "weights": "distance"
    },
    "split0_test_accuracy": 0.952442996742671,
    "split1_test_accuracy": 0.9511400651465798,
    "split2_test_accuracy": 0.962214983713355,
    "split3_test_accuracy": 0.9504885993485342,
    "split4_test_accuracy": 0.953715775749674,
    "mean_test_accuracy": 0.9540004841401629,
    "std_test_accuracy": 0.004254413254667628,
    "rank_test_accuracy": 2,
    "split0_train_accuracy": 0.9995113210620622,
    "split1_train_accuracy": 0.9993484280827496,
    "split2_train_accuracy": 0.9995113210620622,
    "split3_train_accuracy": 0.9996742140413748,
    "split4_train_accuracy": 0.9995114006514658,
    "mean_train_accuracy": 0.999511336979943,
    "std_train_accuracy": 0.00010302257081460303,
    "split0_test_precision": 0.9034595972287798,
    "split1_test_precision": 0.8970562771829924,
    "split2_test_precision": 0.9317549160178376,
    "split3_test_precision": 0.8906227001729738,
    "split4_test_precision": 0.909618955200191,
    "mean_test_precision": 0.906502489160555,
    "std_test_precision": 0.014128377352564043,
    "rank_test_precision": 2,
    "split0_train_precision": 0.9983137382330931,
    "split1_train_precision": 0.9977488781294284,
    "split2_train_precision": 0.9982954545454545,
    "split3_train_precision": 0.9988584474885844,
    "split4_train_precision": 0.9983190229749863,
    "mean_train_precision": 0.9983071082743095,
    "std_train_precision": 0.000350975084498382,
    "split0_test_recall": 0.851476273436122,
    "split1_test_recall": 0.8406387354611401,
    "split2_test_recall": 0.8759132481100688,
    "split3_test_recall": 0.8244180495607081,
    "split4_test_recall": 0.8515980911668415,
    "mean_test_recall": 0.848808879546976,
    "std_test_recall": 0.016800031717985317,
    "rank_test_recall": 1,
    "split0_train_recall": 0.9983574665090622,
    "split1_train_recall": 0.9978213990310765,
    "split2_train_recall": 0.9983974358974359,
    "split3_train_recall": 0.9989316239316239,
    "split4_train_recall": 0.9983601333464065,
    "mean_train_recall": 0.998373611743121,
    "std_train_recall": 0.00035137626782440353,
    "split0_test_f1_score": 0.8725868884935817,
    "split1_test_f1_score": 0.8653943616925741,
    "split2_test_f1_score": 0.9005443186885538,
    "split3_test_f1_score": 0.8459033600186883,
    "split4_test_f1_score": 0.8745427139098458,
    "mean_test_f1_score": 0.8717943285606488,
    "std_test_f1_score": 0.01758434265807425,
    "rank_test_f1_score": 1,
    "split0_train_f1_score": 0.9983343756309183,
    "split1_train_f1_score": 0.9977802496357837,
    "split2_train_f1_score": 0.9983354248173028,
    "split3_train_f1_score": 0.9988901248178919,
    "split4_train_f1_score": 0.9983383574737151,
    "mean_train_f1_score": 0.9983357064751223,
    "std_train_f1_score": 0.00035097603263992746,
    "rank_train_f1_score": 1,
    "rank_train_accuracy": 1,
    "rank_train_recall": 1,
    "rank_train_precision": 5,
    "embedding_generation_time": 344.4230492115021,
    "embedding_generation_size": 67224,
    "system_prompt": "You are an intelligent assistant that follows the user\u2019s instructions closely. Respond to the user's queries in a clear, concise, and helpful manner. Ensure that all answers are accurate, relevant, and tailored to the user's needs. Stay focused on providing valuable information and completing tasks as requested by the user.",
    "user_prompt": ""
}