{
    "fit_time": [
        0.013897180557250977,
        0.016893625259399414,
        0.01040792465209961,
        0.01105642318725586,
        0.012115955352783203
    ],
    "score_time": [
        0.36768531799316406,
        0.4222538471221924,
        0.37579989433288574,
        0.3688693046569824,
        0.3845958709716797
    ],
    "test_accuracy": [
        0.9166666666666666,
        0.9,
        0.75,
        0.9,
        0.8983050847457628
    ],
    "train_accuracy": [
        0.8786610878661087,
        0.899581589958159,
        0.9205020920502092,
        0.899581589958159,
        0.9041666666666667
    ],
    "test_precision": [
        0.9141025641025642,
        0.9336538461538462,
        0.8031818181818182,
        0.9166666666666667,
        0.9034914361001318
    ],
    "train_precision": [
        0.8937819687819688,
        0.9109553407784343,
        0.9393780527515467,
        0.9174901185770751,
        0.9188136755485894
    ],
    "test_recall": [
        0.927991452991453,
        0.9336538461538462,
        0.7856837606837607,
        0.9,
        0.9197222222222222
    ],
    "train_recall": [
        0.905542859035506,
        0.9141660042395336,
        0.930726682564918,
        0.924706715210356,
        0.9306309039622146
    ],
    "test_f1_score": [
        0.9183360756890169,
        0.9336538461538462,
        0.7901552287581699,
        0.898989898989899,
        0.9069013327970745
    ],
    "train_f1_score": [
        0.8977899292906514,
        0.9112431353452528,
        0.9347928673841327,
        0.9183258517687234,
        0.923331758354552
    ],
    "embedding_generation_time": 69.66107940673828
}