{
    "mean_fit_time": 0.004731893539428711,
    "std_fit_time": 0.0009369804658852097,
    "mean_score_time": 0.13842554092407228,
    "std_score_time": 0.02083752269843152,
    "param_metric": "cosine",
    "param_n_neighbors": 12,
    "param_weights": "distance",
    "params": {
        "metric": "cosine",
        "n_neighbors": 12,
        "weights": "distance"
    },
    "split0_test_accuracy": 0.6626433313216656,
    "split1_test_accuracy": 0.6493663246831624,
    "split2_test_accuracy": 0.6606280193236715,
    "split3_test_accuracy": 0.663647342995169,
    "split4_test_accuracy": 0.660024154589372,
    "mean_test_accuracy": 0.6592618345826081,
    "std_test_accuracy": 0.005119295126135147,
    "rank_test_accuracy": 5,
    "split0_train_accuracy": 0.9986415094339622,
    "split1_train_accuracy": 0.9980377358490566,
    "split2_train_accuracy": 0.9980380319951705,
    "split3_train_accuracy": 0.9986417144581949,
    "split4_train_accuracy": 0.9987926350739511,
    "mean_train_accuracy": 0.998430325362067,
    "std_train_accuracy": 0.0003251378172241101,
    "split0_test_precision": 0.6557138415357038,
    "split1_test_precision": 0.5346470180015225,
    "split2_test_precision": 0.5434774602709199,
    "split3_test_precision": 0.5355753361566993,
    "split4_test_precision": 0.5122869309413256,
    "mean_test_precision": 0.5563401173812341,
    "std_test_precision": 0.050760289470759175,
    "rank_test_precision": 1,
    "split0_train_precision": 0.997390711270557,
    "split1_train_precision": 0.9974826787753006,
    "split2_train_precision": 0.9964099885214316,
    "split3_train_precision": 0.9976681320137918,
    "split4_train_precision": 0.9970134699467675,
    "mean_train_precision": 0.9971929961055697,
    "std_train_precision": 0.00044589056626093224,
    "split0_test_recall": 0.5697036534292318,
    "split1_test_recall": 0.5582881966915065,
    "split2_test_recall": 0.5647009154394469,
    "split3_test_recall": 0.5775482040181036,
    "split4_test_recall": 0.5760916861073433,
    "mean_test_recall": 0.5692665311371264,
    "std_test_recall": 0.007165592730151861,
    "rank_test_recall": 4,
    "split0_train_recall": 0.9965555895376239,
    "split1_train_recall": 0.9946366348413633,
    "split2_train_recall": 0.99670938341145,
    "split3_train_recall": 0.9977692708728947,
    "split4_train_recall": 0.9987125832681102,
    "mean_train_recall": 0.9968766923862885,
    "std_train_recall": 0.0013650017451832365,
    "split0_test_f1_score": 0.537652471489822,
    "split1_test_f1_score": 0.5231044862087292,
    "split2_test_f1_score": 0.5370348313352721,
    "split3_test_f1_score": 0.5473289024131117,
    "split4_test_f1_score": 0.5298856358866989,
    "mean_test_f1_score": 0.5350012654667268,
    "std_test_f1_score": 0.008134346180413787,
    "rank_test_f1_score": 1,
    "split0_train_f1_score": 0.9969683161532409,
    "split1_train_f1_score": 0.9960293894509956,
    "split2_train_f1_score": 0.9965550728803123,
    "split3_train_f1_score": 0.9977173959424143,
    "split4_train_f1_score": 0.9978567137126335,
    "mean_train_f1_score": 0.9970253776279193,
    "std_train_f1_score": 0.0006908609193506784,
    "rank_train_f1_score": 8,
    "rank_train_accuracy": 3,
    "rank_train_recall": 7,
    "rank_train_precision": 2,
    "embedding_generation_time": 10.89274287223816,
    "embedding_generation_size": 12721280
}