{
    "mean_fit_time": 0.012784957885742188,
    "std_fit_time": 0.002792898908139719,
    "mean_score_time": 0.27797641754150393,
    "std_score_time": 0.03857229381694666,
    "param_metric": "cosine",
    "param_n_neighbors": 8,
    "param_weights": "distance",
    "params": {
        "metric": "cosine",
        "n_neighbors": 8,
        "weights": "distance"
    },
    "split0_test_accuracy": 0.955700325732899,
    "split1_test_accuracy": 0.9635179153094463,
    "split2_test_accuracy": 0.962214983713355,
    "split3_test_accuracy": 0.9583061889250815,
    "split4_test_accuracy": 0.9621903520208605,
    "mean_test_accuracy": 0.9603859531403284,
    "std_test_accuracy": 0.0029220170628588933,
    "rank_test_accuracy": 3,
    "split0_train_accuracy": 0.9995113210620622,
    "split1_train_accuracy": 0.9993484280827496,
    "split2_train_accuracy": 0.9995113210620622,
    "split3_train_accuracy": 0.9996742140413748,
    "split4_train_accuracy": 0.9995114006514658,
    "mean_train_accuracy": 0.999511336979943,
    "std_train_accuracy": 0.00010302257081460303,
    "split0_test_precision": 0.929677622329359,
    "split1_test_precision": 0.9237917848382055,
    "split2_test_precision": 0.9378925519530409,
    "split3_test_precision": 0.9059930761303326,
    "split4_test_precision": 0.9341383655804643,
    "mean_test_precision": 0.9262986801662805,
    "std_test_precision": 0.011188367709306486,
    "rank_test_precision": 5,
    "split0_train_precision": 0.9983137382330931,
    "split1_train_precision": 0.9977488781294284,
    "split2_train_precision": 0.9982954545454545,
    "split3_train_precision": 0.9988584474885844,
    "split4_train_precision": 0.9983190229749863,
    "mean_train_precision": 0.9983071082743095,
    "std_train_precision": 0.000350975084498382,
    "split0_test_recall": 0.8774204094968909,
    "split1_test_recall": 0.9071983206169846,
    "split2_test_recall": 0.8975288576120238,
    "split3_test_recall": 0.9011848052325215,
    "split4_test_recall": 0.9105823301122054,
    "mean_test_recall": 0.8987829446141251,
    "std_test_recall": 0.011608131862413659,
    "rank_test_recall": 1,
    "split0_train_recall": 0.9983574665090622,
    "split1_train_recall": 0.9978213990310765,
    "split2_train_recall": 0.9983974358974359,
    "split3_train_recall": 0.9989316239316239,
    "split4_train_recall": 0.9983601333464065,
    "mean_train_recall": 0.998373611743121,
    "std_train_recall": 0.00035137626782440353,
    "split0_test_f1_score": 0.8997156099722787,
    "split1_test_f1_score": 0.9151376783149856,
    "split2_test_f1_score": 0.9142947776499222,
    "split3_test_f1_score": 0.902663883619266,
    "split4_test_f1_score": 0.9209612208947907,
    "mean_test_f1_score": 0.9105546340902487,
    "std_test_f1_score": 0.008037890319711733,
    "rank_test_f1_score": 1,
    "split0_train_f1_score": 0.9983343756309183,
    "split1_train_f1_score": 0.9977802496357837,
    "split2_train_f1_score": 0.9983354248173028,
    "split3_train_f1_score": 0.9988901248178919,
    "split4_train_f1_score": 0.9983383574737151,
    "mean_train_f1_score": 0.9983357064751223,
    "std_train_f1_score": 0.00035097603263992746,
    "rank_train_f1_score": 1,
    "rank_train_accuracy": 1,
    "rank_train_recall": 1,
    "rank_train_precision": 3,
    "embedding_generation_time": 6.698759317398071,
    "embedding_generation_size": 23574656
}