{
    "mean_fit_time": 0.017400646209716798,
    "std_fit_time": 0.0015190946336052248,
    "mean_score_time": 0.6491501331329346,
    "std_score_time": 0.042285063262930925,
    "param_metric": "cosine",
    "param_n_neighbors": 24,
    "param_weights": "distance",
    "params": {
        "metric": "cosine",
        "n_neighbors": 24,
        "weights": "distance"
    },
    "split0_test_accuracy": 0.8711111111111111,
    "split1_test_accuracy": 0.8622222222222222,
    "split2_test_accuracy": 0.8807407407407407,
    "split3_test_accuracy": 0.8688888888888889,
    "split4_test_accuracy": 0.8777777777777778,
    "mean_test_accuracy": 0.8721481481481481,
    "std_test_accuracy": 0.006568829415524541,
    "rank_test_accuracy": 1,
    "split0_train_accuracy": 1.0,
    "split1_train_accuracy": 1.0,
    "split2_train_accuracy": 1.0,
    "split3_train_accuracy": 1.0,
    "split4_train_accuracy": 1.0,
    "mean_train_accuracy": 1.0,
    "std_train_accuracy": 0.0,
    "split0_test_precision": 0.8752283152356789,
    "split1_test_precision": 0.866333394444041,
    "split2_test_precision": 0.8830217705749034,
    "split3_test_precision": 0.8719979789782409,
    "split4_test_precision": 0.8842612304395531,
    "mean_test_precision": 0.8761685379344835,
    "std_test_precision": 0.006744866163442556,
    "rank_test_precision": 1,
    "split0_train_precision": 1.0,
    "split1_train_precision": 1.0,
    "split2_train_precision": 1.0,
    "split3_train_precision": 1.0,
    "split4_train_precision": 1.0,
    "mean_train_precision": 1.0,
    "std_train_precision": 0.0,
    "split0_test_recall": 0.8711111111111111,
    "split1_test_recall": 0.8622222222222224,
    "split2_test_recall": 0.8807407407407408,
    "split3_test_recall": 0.8688888888888889,
    "split4_test_recall": 0.8777777777777779,
    "mean_test_recall": 0.8721481481481483,
    "std_test_recall": 0.006568829415524521,
    "rank_test_recall": 1,
    "split0_train_recall": 1.0,
    "split1_train_recall": 1.0,
    "split2_train_recall": 1.0,
    "split3_train_recall": 1.0,
    "split4_train_recall": 1.0,
    "mean_train_recall": 1.0,
    "std_train_recall": 0.0,
    "split0_test_f1_score": 0.8700448254783419,
    "split1_test_f1_score": 0.8614043750556964,
    "split2_test_f1_score": 0.8788656015924011,
    "split3_test_f1_score": 0.8678372319497005,
    "split4_test_f1_score": 0.8779873420274301,
    "mean_test_f1_score": 0.8712278752207141,
    "std_test_f1_score": 0.006533337273035234,
    "rank_test_f1_score": 1,
    "split0_train_f1_score": 1.0,
    "split1_train_f1_score": 1.0,
    "split2_train_f1_score": 1.0,
    "split3_train_f1_score": 1.0,
    "split4_train_f1_score": 1.0,
    "mean_train_f1_score": 1.0,
    "std_train_f1_score": 0.0,
    "rank_train_f1_score": 1,
    "rank_train_accuracy": 1,
    "rank_train_recall": 1,
    "rank_train_precision": 1,
    "embedding_generation_time": 6.3740456104278564,
    "embedding_generation_size": 20736128
}