{
    "mean_fit_time": 0.0005535125732421875,
    "std_fit_time": 0.00012006950907134478,
    "mean_score_time": 0.004423093795776367,
    "std_score_time": 0.0010428368189304596,
    "param_metric": "cosine",
    "param_n_neighbors": 4,
    "param_weights": "distance",
    "params": {
        "metric": "cosine",
        "n_neighbors": 4,
        "weights": "distance"
    },
    "split0_test_accuracy": 0.8656716417910447,
    "split1_test_accuracy": 0.9552238805970149,
    "split2_test_accuracy": 0.9402985074626866,
    "split3_test_accuracy": 0.8939393939393939,
    "split4_test_accuracy": 0.8787878787878788,
    "mean_test_accuracy": 0.9067842605156038,
    "std_test_accuracy": 0.03495321715567135,
    "rank_test_accuracy": 1,
    "split0_train_accuracy": 0.9962406015037594,
    "split1_train_accuracy": 0.9962406015037594,
    "split2_train_accuracy": 1.0,
    "split3_train_accuracy": 1.0,
    "split4_train_accuracy": 0.9962546816479401,
    "mean_train_accuracy": 0.9977471769310918,
    "std_train_accuracy": 0.0018394295184281392,
    "split0_test_precision": 0.8456626706626706,
    "split1_test_precision": 0.9542913982569157,
    "split2_test_precision": 0.9242216117216117,
    "split3_test_precision": 0.9030566207985563,
    "split4_test_precision": 0.8708333333333333,
    "mean_test_precision": 0.8996131269546176,
    "std_test_precision": 0.03833034510666797,
    "rank_test_precision": 1,
    "split0_train_precision": 0.9956140350877193,
    "split1_train_precision": 0.9956140350877193,
    "split2_train_precision": 1.0,
    "split3_train_precision": 1.0,
    "split4_train_precision": 0.9956140350877193,
    "mean_train_precision": 0.9973684210526315,
    "std_train_precision": 0.0021486752129677065,
    "split0_test_recall": 0.8437627187627187,
    "split1_test_recall": 0.9420787545787546,
    "split2_test_recall": 0.9258241758241759,
    "split3_test_recall": 0.8708791208791209,
    "split4_test_recall": 0.8516483516483517,
    "mean_test_recall": 0.8868386243386244,
    "std_test_recall": 0.0397993464706473,
    "rank_test_recall": 1,
    "split0_train_recall": 0.9951923076923077,
    "split1_train_recall": 0.9951923076923077,
    "split2_train_recall": 1.0,
    "split3_train_recall": 1.0,
    "split4_train_recall": 0.9951923076923077,
    "mean_train_recall": 0.9971153846153846,
    "std_train_recall": 0.0023552785988299706,
    "split0_test_f1_score": 0.8408141858141858,
    "split1_test_f1_score": 0.9476565577824159,
    "split2_test_f1_score": 0.9242857142857143,
    "split3_test_f1_score": 0.8810919540229886,
    "split4_test_f1_score": 0.8591497975708502,
    "mean_test_f1_score": 0.8905996418952309,
    "std_test_f1_score": 0.03987059968838097,
    "rank_test_f1_score": 1,
    "split0_train_f1_score": 0.9953604261534496,
    "split1_train_f1_score": 0.9953604261534496,
    "split2_train_f1_score": 1.0,
    "split3_train_f1_score": 1.0,
    "split4_train_f1_score": 0.9953604261534496,
    "mean_train_f1_score": 0.9972162556920697,
    "std_train_f1_score": 0.002272917709602084,
    "rank_train_f1_score": 1,
    "rank_train_precision": 1,
    "rank_train_recall": 1,
    "rank_train_accuracy": 1
}