{
    "mean_fit_time": 0.0004138469696044922,
    "std_fit_time": 3.212460109762011e-05,
    "mean_score_time": 0.015551042556762696,
    "std_score_time": 0.001452689668560391,
    "param_metric": "cosine",
    "param_n_neighbors": 4,
    "param_weights": "distance",
    "params": {
        "metric": "cosine",
        "n_neighbors": 4,
        "weights": "distance"
    },
    "split0_test_accuracy": 0.8656716417910447,
    "split1_test_accuracy": 0.9552238805970149,
    "split2_test_accuracy": 0.9402985074626866,
    "split3_test_accuracy": 0.9104477611940298,
    "split4_test_accuracy": 0.8939393939393939,
    "mean_test_accuracy": 0.913116236996834,
    "std_test_accuracy": 0.03205554917401872,
    "rank_test_accuracy": 1,
    "split0_train_accuracy": 0.9962546816479401,
    "split1_train_accuracy": 0.9925093632958801,
    "split2_train_accuracy": 0.9962546816479401,
    "split3_train_accuracy": 0.9962546816479401,
    "split4_train_accuracy": 0.996268656716418,
    "mean_train_accuracy": 0.9955084129912237,
    "std_train_accuracy": 0.0014995346158611568,
    "split0_test_precision": 0.8456626706626706,
    "split1_test_precision": 0.9542913982569157,
    "split2_test_precision": 0.9242216117216117,
    "split3_test_precision": 0.9292803970223324,
    "split4_test_precision": 0.8910839160839161,
    "mean_test_precision": 0.9089079987494892,
    "std_test_precision": 0.03748830151440975,
    "rank_test_precision": 1,
    "split0_train_precision": 0.9956896551724138,
    "split1_train_precision": 0.9915254237288136,
    "split2_train_precision": 0.9956896551724138,
    "split3_train_precision": 0.9956140350877193,
    "split4_train_precision": 0.9956896551724138,
    "mean_train_precision": 0.9948416848667548,
    "std_train_precision": 0.0016583892014048684,
    "split0_test_recall": 0.8437627187627187,
    "split1_test_recall": 0.9420787545787546,
    "split2_test_recall": 0.9258241758241759,
    "split3_test_recall": 0.8923076923076922,
    "split4_test_recall": 0.8695054945054945,
    "mean_test_recall": 0.8946957671957673,
    "std_test_recall": 0.0359125423205825,
    "rank_test_recall": 1,
    "split0_train_recall": 0.9951923076923077,
    "split1_train_recall": 0.9903846153846154,
    "split2_train_recall": 0.9951923076923077,
    "split3_train_recall": 0.9951923076923077,
    "split4_train_recall": 0.9951923076923077,
    "mean_train_recall": 0.9942307692307691,
    "std_train_recall": 0.0019230769230769162,
    "split0_test_f1_score": 0.8408141858141858,
    "split1_test_f1_score": 0.9476565577824159,
    "split2_test_f1_score": 0.9242857142857143,
    "split3_test_f1_score": 0.9044356393231955,
    "split4_test_f1_score": 0.8780458089668616,
    "mean_test_f1_score": 0.8990475812344746,
    "std_test_f1_score": 0.03704329875017668,
    "rank_test_f1_score": 1,
    "split0_train_f1_score": 0.9953989024905023,
    "split1_train_f1_score": 0.9907876943881001,
    "split2_train_f1_score": 0.9953989024905023,
    "split3_train_f1_score": 0.9953604261534496,
    "split4_train_f1_score": 0.9953989024905023,
    "mean_train_f1_score": 0.9944689656026113,
    "std_train_f1_score": 0.0018406959289828922,
    "rank_train_f1_score": 11,
    "rank_train_accuracy": 1,
    "rank_train_recall": 11,
    "rank_train_precision": 1,
    "embedding_generation_time": 4.097109317779541,
    "embedding_generation_size": 1026176
}