{
    "mean_fit_time": 0.0028711795806884766,
    "std_fit_time": 0.0005548094411363021,
    "mean_score_time": 0.018006277084350587,
    "std_score_time": 0.003180602211553467,
    "param_metric": "cosine",
    "param_n_neighbors": 13,
    "param_weights": "distance",
    "params": {
        "metric": "cosine",
        "n_neighbors": 13,
        "weights": "distance"
    },
    "split0_test_accuracy": 0.74,
    "split1_test_accuracy": 0.705,
    "split2_test_accuracy": 0.7125,
    "split3_test_accuracy": 0.6725,
    "split4_test_accuracy": 0.715,
    "mean_test_accuracy": 0.7089999999999999,
    "std_test_accuracy": 0.021714050750608463,
    "rank_test_accuracy": 1,
    "split0_train_accuracy": 1.0,
    "split1_train_accuracy": 1.0,
    "split2_train_accuracy": 1.0,
    "split3_train_accuracy": 1.0,
    "split4_train_accuracy": 1.0,
    "mean_train_accuracy": 1.0,
    "std_train_accuracy": 0.0,
    "split0_test_precision": 0.7546689303904923,
    "split1_test_precision": 0.7111008135104521,
    "split2_test_precision": 0.7272788042461028,
    "split3_test_precision": 0.6779497098646035,
    "split4_test_precision": 0.7230521838364976,
    "mean_test_precision": 0.7188100883696296,
    "std_test_precision": 0.02491816415409446,
    "rank_test_precision": 10,
    "split0_train_precision": 1.0,
    "split1_train_precision": 1.0,
    "split2_train_precision": 1.0,
    "split3_train_precision": 1.0,
    "split4_train_precision": 1.0,
    "mean_train_precision": 1.0,
    "std_train_precision": 0.0,
    "split0_test_recall": 0.74,
    "split1_test_recall": 0.7050000000000001,
    "split2_test_recall": 0.7124999999999999,
    "split3_test_recall": 0.6725,
    "split4_test_recall": 0.7150000000000001,
    "mean_test_recall": 0.709,
    "std_test_recall": 0.021714050750608463,
    "rank_test_recall": 1,
    "split0_train_recall": 1.0,
    "split1_train_recall": 1.0,
    "split2_train_recall": 1.0,
    "split3_train_recall": 1.0,
    "split4_train_recall": 1.0,
    "mean_train_recall": 1.0,
    "std_train_recall": 0.0,
    "split0_test_f1_score": 0.7362012987012987,
    "split1_test_f1_score": 0.7028531137468208,
    "split2_test_f1_score": 0.7077490962458466,
    "split3_test_f1_score": 0.6699732325618013,
    "split4_test_f1_score": 0.7124044501627185,
    "mean_test_f1_score": 0.7058362382836972,
    "std_test_f1_score": 0.021278588009766602,
    "rank_test_f1_score": 1,
    "split0_train_f1_score": 1.0,
    "split1_train_f1_score": 1.0,
    "split2_train_f1_score": 1.0,
    "split3_train_f1_score": 1.0,
    "split4_train_f1_score": 1.0,
    "mean_train_f1_score": 1.0,
    "std_train_f1_score": 0.0,
    "rank_train_f1_score": 1,
    "rank_train_precision": 1,
    "rank_train_recall": 1,
    "rank_train_accuracy": 1
}