{
    "mean_fit_time": 0.006674051284790039,
    "std_fit_time": 0.0006765977180118401,
    "mean_score_time": 1.294973373413086,
    "std_score_time": 0.10281890239628785,
    "param_metric": "manhattan",
    "param_n_neighbors": 11,
    "param_weights": "distance",
    "params": {
        "metric": "manhattan",
        "n_neighbors": 11,
        "weights": "distance"
    },
    "split0_test_accuracy": 0.8753846153846154,
    "split1_test_accuracy": 0.8723076923076923,
    "split2_test_accuracy": 0.8746153846153846,
    "split3_test_accuracy": 0.8576923076923076,
    "split4_test_accuracy": 0.8761538461538462,
    "mean_test_accuracy": 0.8712307692307693,
    "std_test_accuracy": 0.006890521746633467,
    "rank_test_accuracy": 1,
    "split0_train_accuracy": 1.0,
    "split1_train_accuracy": 1.0,
    "split2_train_accuracy": 1.0,
    "split3_train_accuracy": 1.0,
    "split4_train_accuracy": 1.0,
    "mean_train_accuracy": 1.0,
    "std_train_accuracy": 0.0,
    "split0_test_precision": 0.875423697796283,
    "split1_test_precision": 0.8726690425201264,
    "split2_test_precision": 0.8751224106891862,
    "split3_test_precision": 0.8573563604714237,
    "split4_test_precision": 0.8746632395244023,
    "mean_test_precision": 0.8710469502002842,
    "std_test_precision": 0.0069123986691955845,
    "rank_test_precision": 1,
    "split0_train_precision": 1.0,
    "split1_train_precision": 1.0,
    "split2_train_precision": 1.0,
    "split3_train_precision": 1.0,
    "split4_train_precision": 1.0,
    "mean_train_precision": 1.0,
    "std_train_precision": 0.0,
    "split0_test_recall": 0.8753846153846155,
    "split1_test_recall": 0.8723076923076923,
    "split2_test_recall": 0.8746153846153847,
    "split3_test_recall": 0.8576923076923075,
    "split4_test_recall": 0.8761538461538461,
    "mean_test_recall": 0.8712307692307693,
    "std_test_recall": 0.00689052174663352,
    "rank_test_recall": 1,
    "split0_train_recall": 1.0,
    "split1_train_recall": 1.0,
    "split2_train_recall": 1.0,
    "split3_train_recall": 1.0,
    "split4_train_recall": 1.0,
    "mean_train_recall": 1.0,
    "std_train_recall": 0.0,
    "split0_test_f1_score": 0.8740065246564955,
    "split1_test_f1_score": 0.8709283146886062,
    "split2_test_f1_score": 0.874005263940141,
    "split3_test_f1_score": 0.8557866032400886,
    "split4_test_f1_score": 0.8743470220674836,
    "mean_test_f1_score": 0.869814745718563,
    "std_test_f1_score": 0.007123226793810207,
    "rank_test_f1_score": 1,
    "split0_train_f1_score": 1.0,
    "split1_train_f1_score": 1.0,
    "split2_train_f1_score": 1.0,
    "split3_train_f1_score": 1.0,
    "split4_train_f1_score": 1.0,
    "mean_train_f1_score": 1.0,
    "std_train_f1_score": 0.0,
    "rank_train_f1_score": 1,
    "rank_train_accuracy": 1,
    "rank_train_recall": 1,
    "rank_train_precision": 1,
    "embedding_generation_time": 4.13753342628479,
    "embedding_generation_size": 9984128
}