{
    "mean_fit_time": 0.01891160011291504,
    "std_fit_time": 0.006294281670464235,
    "mean_score_time": 0.22316322326660157,
    "std_score_time": 0.02585237726231446,
    "param_metric": "cosine",
    "param_n_neighbors": 24,
    "param_weights": "distance",
    "params": {
        "metric": "cosine",
        "n_neighbors": 24,
        "weights": "distance"
    },
    "split0_test_accuracy": 0.9689922480620154,
    "split1_test_accuracy": 0.9725158562367865,
    "split2_test_accuracy": 0.9837914023960536,
    "split3_test_accuracy": 0.9767441860465116,
    "split4_test_accuracy": 0.9767441860465116,
    "mean_test_accuracy": 0.9757575757575758,
    "std_test_accuracy": 0.004955150340027337,
    "rank_test_accuracy": 1,
    "split0_train_accuracy": 1.0,
    "split1_train_accuracy": 1.0,
    "split2_train_accuracy": 1.0,
    "split3_train_accuracy": 1.0,
    "split4_train_accuracy": 1.0,
    "mean_train_accuracy": 1.0,
    "std_train_accuracy": 0.0,
    "split0_test_precision": 0.9698671677628146,
    "split1_test_precision": 0.9721733946797149,
    "split2_test_precision": 0.9842600503974706,
    "split3_test_precision": 0.9778876424004046,
    "split4_test_precision": 0.9764279726204568,
    "mean_test_precision": 0.9761232455721721,
    "std_test_precision": 0.00498303881453505,
    "rank_test_precision": 1,
    "split0_train_precision": 1.0,
    "split1_train_precision": 1.0,
    "split2_train_precision": 1.0,
    "split3_train_precision": 1.0,
    "split4_train_precision": 1.0,
    "mean_train_precision": 1.0,
    "std_train_precision": 0.0,
    "split0_test_recall": 0.9761664595742343,
    "split1_test_recall": 0.9787647928123726,
    "split2_test_recall": 0.9867545162109916,
    "split3_test_recall": 0.9801321582409173,
    "split4_test_recall": 0.982270517367906,
    "mean_test_recall": 0.9808176888412845,
    "std_test_recall": 0.0035686103163471185,
    "rank_test_recall": 1,
    "split0_train_recall": 1.0,
    "split1_train_recall": 1.0,
    "split2_train_recall": 1.0,
    "split3_train_recall": 1.0,
    "split4_train_recall": 1.0,
    "mean_train_recall": 1.0,
    "std_train_recall": 0.0,
    "split0_test_f1_score": 0.9727896111147656,
    "split1_test_f1_score": 0.9752813394021682,
    "split2_test_f1_score": 0.9854838343313326,
    "split3_test_f1_score": 0.9789775411545625,
    "split4_test_f1_score": 0.9791547340784412,
    "mean_test_f1_score": 0.978337412016254,
    "std_test_f1_score": 0.004295737590626862,
    "rank_test_f1_score": 1,
    "split0_train_f1_score": 1.0,
    "split1_train_f1_score": 1.0,
    "split2_train_f1_score": 1.0,
    "split3_train_f1_score": 1.0,
    "split4_train_f1_score": 1.0,
    "mean_train_f1_score": 1.0,
    "std_train_f1_score": 0.0,
    "rank_train_f1_score": 1,
    "rank_train_accuracy": 1,
    "rank_train_recall": 1,
    "rank_train_precision": 1,
    "embedding_generation_time": 15.02375340461731,
    "embedding_generation_size": 21795968
}