{
    "mean_fit_time": 0.019017887115478516,
    "std_fit_time": 0.00042186455760610917,
    "mean_score_time": 0.5346777439117432,
    "std_score_time": 0.0053768335334841155,
    "param_metric": "cosine",
    "param_n_neighbors": 24,
    "param_weights": "distance",
    "params": {
        "metric": "cosine",
        "n_neighbors": 24,
        "weights": "distance"
    },
    "split0_test_accuracy": 0.8788888888888889,
    "split1_test_accuracy": 0.8677777777777778,
    "split2_test_accuracy": 0.8774074074074074,
    "split3_test_accuracy": 0.8751851851851852,
    "split4_test_accuracy": 0.8870370370370371,
    "mean_test_accuracy": 0.8772592592592593,
    "std_test_accuracy": 0.006204560471517626,
    "rank_test_accuracy": 1,
    "split0_train_accuracy": 1.0,
    "split1_train_accuracy": 1.0,
    "split2_train_accuracy": 1.0,
    "split3_train_accuracy": 1.0,
    "split4_train_accuracy": 1.0,
    "mean_train_accuracy": 1.0,
    "std_train_accuracy": 0.0,
    "split0_test_precision": 0.8828981648788466,
    "split1_test_precision": 0.8728766394977246,
    "split2_test_precision": 0.8815986813559041,
    "split3_test_precision": 0.8801878172246171,
    "split4_test_precision": 0.891326139003719,
    "mean_test_precision": 0.8817774883921622,
    "std_test_precision": 0.0059028261317464175,
    "rank_test_precision": 1,
    "split0_train_precision": 1.0,
    "split1_train_precision": 1.0,
    "split2_train_precision": 1.0,
    "split3_train_precision": 1.0,
    "split4_train_precision": 1.0,
    "mean_train_precision": 1.0,
    "std_train_precision": 0.0,
    "split0_test_recall": 0.8788888888888889,
    "split1_test_recall": 0.8677777777777778,
    "split2_test_recall": 0.8774074074074073,
    "split3_test_recall": 0.8751851851851853,
    "split4_test_recall": 0.8870370370370372,
    "mean_test_recall": 0.8772592592592592,
    "std_test_recall": 0.0062045604715176535,
    "rank_test_recall": 1,
    "split0_train_recall": 1.0,
    "split1_train_recall": 1.0,
    "split2_train_recall": 1.0,
    "split3_train_recall": 1.0,
    "split4_train_recall": 1.0,
    "mean_train_recall": 1.0,
    "std_train_recall": 0.0,
    "split0_test_f1_score": 0.8777226226385801,
    "split1_test_f1_score": 0.8670228297397328,
    "split2_test_f1_score": 0.8756305016614874,
    "split3_test_f1_score": 0.8746287188469389,
    "split4_test_f1_score": 0.8867224324777794,
    "mean_test_f1_score": 0.8763454210729037,
    "std_test_f1_score": 0.006323732051758479,
    "rank_test_f1_score": 1,
    "split0_train_f1_score": 1.0,
    "split1_train_f1_score": 1.0,
    "split2_train_f1_score": 1.0,
    "split3_train_f1_score": 1.0,
    "split4_train_f1_score": 1.0,
    "mean_train_f1_score": 1.0,
    "std_train_f1_score": 0.0,
    "rank_train_f1_score": 1,
    "rank_train_precision": 1,
    "rank_train_recall": 1,
    "rank_train_accuracy": 1
}