{
    "mean_fit_time": 0.00040411949157714844,
    "std_fit_time": 7.937555714322181e-05,
    "mean_score_time": 0.0072266578674316405,
    "std_score_time": 0.004603895927084539,
    "param_metric": "cosine",
    "param_n_neighbors": 24,
    "param_weights": "uniform",
    "params": {
        "metric": "cosine",
        "n_neighbors": 24,
        "weights": "uniform"
    },
    "split0_test_accuracy": 0.9402985074626866,
    "split1_test_accuracy": 0.9253731343283582,
    "split2_test_accuracy": 0.9552238805970149,
    "split3_test_accuracy": 0.9090909090909091,
    "split4_test_accuracy": 0.8939393939393939,
    "mean_test_accuracy": 0.9247851650836726,
    "std_test_accuracy": 0.021749924921042846,
    "rank_test_accuracy": 1,
    "split0_train_accuracy": 0.9473684210526315,
    "split1_train_accuracy": 0.9398496240601504,
    "split2_train_accuracy": 0.9022556390977443,
    "split3_train_accuracy": 0.9400749063670412,
    "split4_train_accuracy": 0.9363295880149812,
    "mean_train_accuracy": 0.9331756357185096,
    "std_train_accuracy": 0.015871804040644328,
    "split0_test_precision": 0.9395502645502646,
    "split1_test_precision": 0.9283882783882784,
    "split2_test_precision": 0.9556650246305419,
    "split3_test_precision": 0.9292803970223326,
    "split4_test_precision": 0.9008241758241758,
    "mean_test_precision": 0.9307416280831188,
    "std_test_precision": 0.01789690013681574,
    "rank_test_precision": 1,
    "split0_train_precision": 0.9530508474576271,
    "split1_train_precision": 0.9469268476621417,
    "split2_train_precision": 0.9077346395742623,
    "split3_train_precision": 0.9383489813728145,
    "split4_train_precision": 0.9386725343621894,
    "mean_train_precision": 0.9369467700858071,
    "std_train_precision": 0.015602796443470006,
    "split0_test_recall": 0.9371693121693121,
    "split1_test_recall": 0.9093406593406594,
    "split2_test_recall": 0.945054945054945,
    "split3_test_recall": 0.8901098901098902,
    "split4_test_recall": 0.8722527472527473,
    "mean_test_recall": 0.9107855107855108,
    "std_test_recall": 0.027513058180066646,
    "rank_test_recall": 1,
    "split0_train_recall": 0.9354395604395604,
    "split1_train_recall": 0.9290251033370299,
    "split2_train_recall": 0.8843822461941728,
    "split3_train_recall": 0.9293893606393606,
    "split4_train_recall": 0.924925074925075,
    "mean_train_recall": 0.9206322691070398,
    "std_train_recall": 0.018432984229898412,
    "split0_test_f1_score": 0.9336243386243386,
    "split1_test_f1_score": 0.9119348659003832,
    "split2_test_f1_score": 0.9486054880791722,
    "split3_test_f1_score": 0.9026304155614501,
    "split4_test_f1_score": 0.8748019714838937,
    "mean_test_f1_score": 0.9143194159298476,
    "std_test_f1_score": 0.02550357624986517,
    "rank_test_f1_score": 1,
    "split0_train_f1_score": 0.9423854562067743,
    "split1_train_f1_score": 0.935389787637315,
    "split2_train_f1_score": 0.8846077340131898,
    "split3_train_f1_score": 0.9305709925082275,
    "split4_train_f1_score": 0.9280237653241794,
    "mean_train_f1_score": 0.9241955471379372,
    "std_train_f1_score": 0.020389606756587648,
    "rank_train_f1_score": 14,
    "rank_train_precision": 13,
    "rank_train_recall": 13,
    "rank_train_accuracy": 13
}