{
    "mean_fit_time": 0.00046443939208984375,
    "std_fit_time": 9.413651982143842e-05,
    "mean_score_time": 0.015775537490844725,
    "std_score_time": 0.0010294647730159944,
    "param_metric": "cosine",
    "param_n_neighbors": 8,
    "param_weights": "distance",
    "params": {
        "metric": "cosine",
        "n_neighbors": 8,
        "weights": "distance"
    },
    "split0_test_accuracy": 0.9402985074626866,
    "split1_test_accuracy": 0.9402985074626866,
    "split2_test_accuracy": 0.9402985074626866,
    "split3_test_accuracy": 0.8805970149253731,
    "split4_test_accuracy": 0.9242424242424242,
    "mean_test_accuracy": 0.9251469923111715,
    "std_test_accuracy": 0.023126711666927143,
    "rank_test_accuracy": 1,
    "split0_train_accuracy": 0.9962546816479401,
    "split1_train_accuracy": 0.9925093632958801,
    "split2_train_accuracy": 0.9962546816479401,
    "split3_train_accuracy": 0.9962546816479401,
    "split4_train_accuracy": 0.996268656716418,
    "mean_train_accuracy": 0.9955084129912237,
    "std_train_accuracy": 0.0014995346158611568,
    "split0_test_precision": 0.9395502645502646,
    "split1_test_precision": 0.938507326007326,
    "split2_test_precision": 0.93368700265252,
    "split3_test_precision": 0.8873223550642906,
    "split4_test_precision": 0.933041958041958,
    "mean_test_precision": 0.9264217812632719,
    "std_test_precision": 0.019716961108055216,
    "rank_test_precision": 2,
    "split0_train_precision": 0.9952830188679245,
    "split1_train_precision": 0.9915254237288136,
    "split2_train_precision": 0.9956896551724138,
    "split3_train_precision": 0.9956140350877193,
    "split4_train_precision": 0.9956896551724138,
    "mean_train_precision": 0.994760357605857,
    "std_train_precision": 0.0016244337574160838,
    "split0_test_recall": 0.9344220594220595,
    "split1_test_recall": 0.9375,
    "split2_test_recall": 0.9258241758241759,
    "split3_test_recall": 0.8589743589743589,
    "split4_test_recall": 0.9065934065934066,
    "mean_test_recall": 0.9126628001628001,
    "std_test_recall": 0.02892355415266051,
    "rank_test_recall": 2,
    "split0_train_recall": 0.9956140350877193,
    "split1_train_recall": 0.9903846153846154,
    "split2_train_recall": 0.9951923076923077,
    "split3_train_recall": 0.9951923076923077,
    "split4_train_recall": 0.9951923076923077,
    "mean_train_recall": 0.9943151147098515,
    "std_train_recall": 0.001972025439954198,
    "split0_test_f1_score": 0.9347860791826309,
    "split1_test_f1_score": 0.9332142857142858,
    "split2_test_f1_score": 0.9293747188484031,
    "split3_test_f1_score": 0.8673740053050397,
    "split4_test_f1_score": 0.9173976608187134,
    "mean_test_f1_score": 0.9164293499738146,
    "std_test_f1_score": 0.025273110678432003,
    "rank_test_f1_score": 1,
    "split0_train_f1_score": 0.9954066582385166,
    "split1_train_f1_score": 0.9907876943881001,
    "split2_train_f1_score": 0.9953989024905023,
    "split3_train_f1_score": 0.9953604261534496,
    "split4_train_f1_score": 0.9953989024905023,
    "mean_train_f1_score": 0.9944705167522141,
    "std_train_f1_score": 0.0018414820307847736,
    "rank_train_f1_score": 10,
    "rank_train_accuracy": 1,
    "rank_train_recall": 10,
    "rank_train_precision": 5,
    "embedding_generation_time": 2.7369987964630127,
    "embedding_generation_size": 513152
}