{
    "mean_fit_time": 0.0009762287139892578,
    "std_fit_time": 5.504126174086265e-05,
    "mean_score_time": 0.02015409469604492,
    "std_score_time": 0.00515256762880095,
    "param_n_neighbors": 3,
    "params": {
        "n_neighbors": 3
    },
    "split0_test_accuracy": 0.8666666666666667,
    "split1_test_accuracy": 0.9166666666666666,
    "split2_test_accuracy": 0.85,
    "split3_test_accuracy": 0.9166666666666666,
    "split4_test_accuracy": 0.9152542372881356,
    "mean_test_accuracy": 0.8930508474576271,
    "std_test_accuracy": 0.02883714554744825,
    "rank_test_accuracy": 1,
    "split0_train_accuracy": 0.9414225941422594,
    "split1_train_accuracy": 0.9330543933054394,
    "split2_train_accuracy": 0.9456066945606695,
    "split3_train_accuracy": 0.9414225941422594,
    "split4_train_accuracy": 0.9208333333333333,
    "mean_train_accuracy": 0.9364679218967922,
    "std_train_accuracy": 0.008817111283347393,
    "split0_test_precision": 0.8858181203515889,
    "split1_test_precision": 0.9221567905778433,
    "split2_test_precision": 0.8698717948717949,
    "split3_test_precision": 0.9322727272727274,
    "split4_test_precision": 0.9145238095238095,
    "mean_test_precision": 0.9049286485195529,
    "std_test_precision": 0.02336993757320253,
    "rank_test_precision": 1,
    "split0_train_precision": 0.9581699831699833,
    "split1_train_precision": 0.9471861471861471,
    "split2_train_precision": 0.949886635004964,
    "split3_train_precision": 0.9574786324786325,
    "split4_train_precision": 0.9345347524592809,
    "mean_train_precision": 0.9494512300598015,
    "std_train_precision": 0.008582276239876998,
    "split0_test_recall": 0.890491452991453,
    "split1_test_recall": 0.9057692307692309,
    "split2_test_recall": 0.8837606837606837,
    "split3_test_recall": 0.905,
    "split4_test_recall": 0.9119444444444444,
    "mean_test_recall": 0.8993931623931622,
    "std_test_recall": 0.010518938876939698,
    "rank_test_recall": 10,
    "split0_train_recall": 0.9466133412824589,
    "split1_train_recall": 0.9504123608903021,
    "split2_train_recall": 0.9467806041335453,
    "split3_train_recall": 0.9472424487594391,
    "split4_train_recall": 0.9288711952243506,
    "mean_train_recall": 0.9439839900580193,
    "std_train_recall": 0.007682090997894502,
    "split0_test_f1_score": 0.883451365804307,
    "split1_test_f1_score": 0.9087606837606838,
    "split2_test_f1_score": 0.8741053064582476,
    "split3_test_f1_score": 0.9153174603174603,
    "split4_test_f1_score": 0.907730044345898,
    "mean_test_f1_score": 0.8978729721373195,
    "std_test_f1_score": 0.016080416448850207,
    "rank_test_f1_score": 1,
    "split0_train_f1_score": 0.9521451619690475,
    "split1_train_f1_score": 0.9484764891426868,
    "split2_train_f1_score": 0.9482471306022714,
    "split3_train_f1_score": 0.9521948160535118,
    "split4_train_f1_score": 0.9315746434713926,
    "mean_train_f1_score": 0.946527648247782,
    "std_train_f1_score": 0.007668379275840278,
    "rank_train_recall": 1,
    "rank_train_accuracy": 1,
    "rank_train_f1_score": 1,
    "rank_train_precision": 1,
    "embedding_generation_time": 88.77142381668091,
    "embedding_generation_size": 918656
}