{
    "mean_fit_time": 0.008460617065429688,
    "std_fit_time": 0.0005178889849679032,
    "mean_score_time": 0.2089150905609131,
    "std_score_time": 0.058348629677696905,
    "param_metric": "cosine",
    "param_n_neighbors": 4,
    "param_weights": "distance",
    "params": {
        "metric": "cosine",
        "n_neighbors": 4,
        "weights": "distance"
    },
    "split0_test_accuracy": 0.9648208469055375,
    "split1_test_accuracy": 0.968729641693811,
    "split2_test_accuracy": 0.9713355048859935,
    "split3_test_accuracy": 0.9674267100977199,
    "split4_test_accuracy": 0.9674054758800521,
    "mean_test_accuracy": 0.9679436358926228,
    "std_test_accuracy": 0.002118075537940925,
    "rank_test_accuracy": 9,
    "split0_train_accuracy": 0.9996742140413748,
    "split1_train_accuracy": 0.9995113210620622,
    "split2_train_accuracy": 0.9996742140413748,
    "split3_train_accuracy": 0.9996742140413748,
    "split4_train_accuracy": 0.9996742671009772,
    "mean_train_accuracy": 0.9996416460574327,
    "std_train_accuracy": 6.51625009256252e-05,
    "split0_test_precision": 0.9330786618721634,
    "split1_test_precision": 0.9316784401642305,
    "split2_test_precision": 0.9509898348545673,
    "split3_test_precision": 0.9377788794105207,
    "split4_test_precision": 0.9333754610588842,
    "mean_test_precision": 0.9373802554720733,
    "std_test_precision": 0.0071053829679779655,
    "rank_test_precision": 5,
    "split0_train_precision": 0.9988893814026792,
    "split1_train_precision": 0.998316730322479,
    "split2_train_precision": 0.9988584474885844,
    "split3_train_precision": 0.9988584474885844,
    "split4_train_precision": 0.9988920482400235,
    "mean_train_precision": 0.99876301098847,
    "std_train_precision": 0.0002236080400260397,
    "split0_test_recall": 0.9040391726848551,
    "split1_test_recall": 0.9244450233344823,
    "split2_test_recall": 0.9259321092136144,
    "split3_test_recall": 0.9272599607270714,
    "split4_test_recall": 0.9456739338273827,
    "mean_test_recall": 0.9254700399574812,
    "std_test_recall": 0.01320566077861656,
    "rank_test_recall": 1,
    "split0_train_recall": 0.9988893814026792,
    "split1_train_recall": 0.9983555870652645,
    "split2_train_recall": 0.9989316239316239,
    "split3_train_recall": 0.9989316239316239,
    "split4_train_recall": 0.9988920482400235,
    "mean_train_recall": 0.9988000529142431,
    "std_train_recall": 0.00022298631121629595,
    "split0_test_f1_score": 0.9163071424414956,
    "split1_test_f1_score": 0.9270932193170501,
    "split2_test_f1_score": 0.937379535415888,
    "split3_test_f1_score": 0.9298707807540219,
    "split4_test_f1_score": 0.9391799161047341,
    "mean_test_f1_score": 0.929966118806638,
    "std_test_f1_score": 0.00818148009394115,
    "rank_test_f1_score": 1,
    "split0_train_f1_score": 0.9988893814026792,
    "split1_train_f1_score": 0.9983349331758103,
    "split2_train_f1_score": 0.9988901248178919,
    "split3_train_f1_score": 0.9988901248178919,
    "split4_train_f1_score": 0.9988920482400235,
    "mean_train_f1_score": 0.9987793224908593,
    "std_train_f1_score": 0.00022219641458716885,
    "rank_train_f1_score": 1,
    "rank_train_precision": 1,
    "rank_train_recall": 1,
    "rank_train_accuracy": 1
}