{
    "mean_fit_time": 0.0056531429290771484,
    "std_fit_time": 0.0004626606241420691,
    "mean_score_time": 0.20811524391174316,
    "std_score_time": 0.01125400016207149,
    "param_metric": "cosine",
    "param_n_neighbors": 12,
    "param_weights": "distance",
    "params": {
        "metric": "cosine",
        "n_neighbors": 12,
        "weights": "distance"
    },
    "split0_test_accuracy": 0.7221052631578947,
    "split1_test_accuracy": 0.7273684210526316,
    "split2_test_accuracy": 0.7310526315789474,
    "split3_test_accuracy": 0.738421052631579,
    "split4_test_accuracy": 0.7257894736842105,
    "mean_test_accuracy": 0.7289473684210526,
    "std_test_accuracy": 0.00554008310186982,
    "rank_test_accuracy": 1,
    "split0_train_accuracy": 1.0,
    "split1_train_accuracy": 1.0,
    "split2_train_accuracy": 1.0,
    "split3_train_accuracy": 1.0,
    "split4_train_accuracy": 1.0,
    "mean_train_accuracy": 1.0,
    "std_train_accuracy": 0.0,
    "split0_test_precision": 0.7062427164155954,
    "split1_test_precision": 0.7247120798854355,
    "split2_test_precision": 0.7257656115074149,
    "split3_test_precision": 0.7289289596670437,
    "split4_test_precision": 0.7261583580349509,
    "mean_test_precision": 0.722361545102088,
    "std_test_precision": 0.008178949108525435,
    "rank_test_precision": 1,
    "split0_train_precision": 1.0,
    "split1_train_precision": 1.0,
    "split2_train_precision": 1.0,
    "split3_train_precision": 1.0,
    "split4_train_precision": 1.0,
    "mean_train_precision": 1.0,
    "std_train_precision": 0.0,
    "split0_test_recall": 0.7158333333333334,
    "split1_test_recall": 0.7219444444444444,
    "split2_test_recall": 0.7230555555555556,
    "split3_test_recall": 0.7322222222222222,
    "split4_test_recall": 0.7180555555555554,
    "mean_test_recall": 0.7222222222222222,
    "std_test_recall": 0.005638273091717893,
    "rank_test_recall": 1,
    "split0_train_recall": 1.0,
    "split1_train_recall": 1.0,
    "split2_train_recall": 1.0,
    "split3_train_recall": 1.0,
    "split4_train_recall": 1.0,
    "mean_train_recall": 1.0,
    "std_train_recall": 0.0,
    "split0_test_f1_score": 0.7036860255061449,
    "split1_test_f1_score": 0.7088466340432299,
    "split2_test_f1_score": 0.7160297189840719,
    "split3_test_f1_score": 0.7224746475198791,
    "split4_test_f1_score": 0.7112648391601155,
    "mean_test_f1_score": 0.7124603730426883,
    "std_test_f1_score": 0.006395365654384713,
    "rank_test_f1_score": 1,
    "split0_train_f1_score": 1.0,
    "split1_train_f1_score": 1.0,
    "split2_train_f1_score": 1.0,
    "split3_train_f1_score": 1.0,
    "split4_train_f1_score": 1.0,
    "mean_train_f1_score": 1.0,
    "std_train_f1_score": 0.0,
    "rank_train_f1_score": 1,
    "rank_train_precision": 1,
    "rank_train_recall": 1,
    "rank_train_accuracy": 1
}