{
    "mean_fit_time": 0.4308768749237061,
    "std_fit_time": 0.01703790308085735,
    "mean_score_time": 17.380676889419554,
    "std_score_time": 0.23830612598136167,
    "param_metric": "manhattan",
    "param_n_neighbors": 37,
    "param_weights": "distance",
    "params": {
        "metric": "manhattan",
        "n_neighbors": 37,
        "weights": "distance"
    },
    "split0_test_accuracy": 0.45172656800563776,
    "split1_test_accuracy": 0.45172656800563776,
    "split2_test_accuracy": 0.45172656800563776,
    "split3_test_accuracy": 0.45172656800563776,
    "split4_test_accuracy": 0.4510218463706836,
    "mean_test_accuracy": 0.4515856236786469,
    "std_test_accuracy": 0.00028188865398166564,
    "rank_test_accuracy": 1,
    "split0_train_accuracy": 0.45155038759689925,
    "split1_train_accuracy": 0.45155038759689925,
    "split2_train_accuracy": 0.45155038759689925,
    "split3_train_accuracy": 0.45155038759689925,
    "split4_train_accuracy": 0.45172656800563776,
    "mean_train_accuracy": 0.45158562367864696,
    "std_train_accuracy": 7.047216349540531e-05,
    "split0_test_precision": 0.11293164200140944,
    "split1_test_precision": 0.11293164200140944,
    "split2_test_precision": 0.11293164200140944,
    "split3_test_precision": 0.11293164200140944,
    "split4_test_precision": 0.1127554615926709,
    "mean_test_precision": 0.11289640591966173,
    "std_test_precision": 7.047216349541641e-05,
    "rank_test_precision": 1,
    "split0_train_precision": 0.11288759689922481,
    "split1_train_precision": 0.11288759689922481,
    "split2_train_precision": 0.11288759689922481,
    "split3_train_precision": 0.11288759689922481,
    "split4_train_precision": 0.11293164200140944,
    "mean_train_precision": 0.11289640591966174,
    "std_train_precision": 1.7618040873851327e-05,
    "split0_test_recall": 0.25,
    "split1_test_recall": 0.25,
    "split2_test_recall": 0.25,
    "split3_test_recall": 0.25,
    "split4_test_recall": 0.25,
    "mean_test_recall": 0.25,
    "std_test_recall": 0.0,
    "rank_test_recall": 1,
    "split0_train_recall": 0.25,
    "split1_train_recall": 0.25,
    "split2_train_recall": 0.25,
    "split3_train_recall": 0.25,
    "split4_train_recall": 0.25,
    "mean_train_recall": 0.25,
    "std_train_recall": 0.0,
    "split0_test_f1_score": 0.15558252427184466,
    "split1_test_f1_score": 0.15558252427184466,
    "split2_test_f1_score": 0.15558252427184466,
    "split3_test_f1_score": 0.15558252427184466,
    "split4_test_f1_score": 0.15541525012141816,
    "mean_test_f1_score": 0.15554906944175934,
    "std_test_f1_score": 6.690966017059985e-05,
    "rank_test_f1_score": 1,
    "split0_train_f1_score": 0.15554072096128171,
    "split1_train_f1_score": 0.15554072096128171,
    "split2_train_f1_score": 0.15554072096128171,
    "split3_train_f1_score": 0.15554072096128171,
    "split4_train_f1_score": 0.15558252427184466,
    "mean_train_f1_score": 0.1555490816233943,
    "std_train_f1_score": 1.6721324225177357e-05,
    "rank_train_f1_score": 1,
    "rank_train_accuracy": 1,
    "rank_train_recall": 1,
    "rank_train_precision": 1,
    "embedding_generation_time": 194.11421036720276,
    "embedding_generation_size": 59736,
    "system_prompt": "You are an intelligent assistant that follows the user\u2019s instructions closely. Respond to the user's queries in a clear, concise, and helpful manner. Ensure that all answers are accurate, relevant, and tailored to the user's needs. Stay focused on providing valuable information and completing tasks as requested by the user.",
    "user_prompt": ""
}