{
    "mean_fit_time": 0.10250954627990723,
    "std_fit_time": 0.0026862120718916206,
    "mean_score_time": 1.0409956932067872,
    "std_score_time": 0.02524041340370034,
    "param_metric": "manhattan",
    "param_n_neighbors": 7,
    "param_weights": "uniform",
    "params": {
        "metric": "manhattan",
        "n_neighbors": 7,
        "weights": "uniform"
    },
    "split0_test_accuracy": 0.7825,
    "split1_test_accuracy": 0.77,
    "split2_test_accuracy": 0.73,
    "split3_test_accuracy": 0.785,
    "split4_test_accuracy": 0.7475,
    "mean_test_accuracy": 0.763,
    "std_test_accuracy": 0.02117781858454737,
    "rank_test_accuracy": 1,
    "split0_train_accuracy": 0.839375,
    "split1_train_accuracy": 0.831875,
    "split2_train_accuracy": 0.828125,
    "split3_train_accuracy": 0.829375,
    "split4_train_accuracy": 0.828125,
    "mean_train_accuracy": 0.8313750000000001,
    "std_train_accuracy": 0.004227883631321937,
    "split0_test_precision": 0.7990129925114445,
    "split1_test_precision": 0.7895752895752897,
    "split2_test_precision": 0.7544529262086515,
    "split3_test_precision": 0.804,
    "split4_test_precision": 0.7809387326541616,
    "mean_test_precision": 0.7855959881899095,
    "std_test_precision": 0.017470768923430163,
    "rank_test_precision": 2,
    "split0_train_precision": 0.8496283990979201,
    "split1_train_precision": 0.8466198849496145,
    "split2_train_precision": 0.846242689745116,
    "split3_train_precision": 0.8451443204275336,
    "split4_train_precision": 0.8427032760801273,
    "mean_train_precision": 0.8460677140600623,
    "std_train_precision": 0.0022443745606238216,
    "split0_test_recall": 0.7825,
    "split1_test_recall": 0.77,
    "split2_test_recall": 0.73,
    "split3_test_recall": 0.785,
    "split4_test_recall": 0.7475,
    "mean_test_recall": 0.763,
    "std_test_recall": 0.02117781858454737,
    "rank_test_recall": 1,
    "split0_train_recall": 0.839375,
    "split1_train_recall": 0.831875,
    "split2_train_recall": 0.828125,
    "split3_train_recall": 0.829375,
    "split4_train_recall": 0.828125,
    "mean_train_recall": 0.8313750000000001,
    "std_train_recall": 0.004227883631321937,
    "split0_test_f1_score": 0.7794551020020153,
    "split1_test_f1_score": 0.7660461804495982,
    "split2_test_f1_score": 0.7233535695074157,
    "split3_test_f1_score": 0.7815873015873016,
    "split4_test_f1_score": 0.7397561179858154,
    "mean_test_f1_score": 0.7580396543064293,
    "std_test_f1_score": 0.022867574127657563,
    "rank_test_f1_score": 1,
    "split0_train_f1_score": 0.8381886573869122,
    "split1_train_f1_score": 0.8300678109978186,
    "split2_train_f1_score": 0.8258467902969748,
    "split3_train_f1_score": 0.8274035575888499,
    "split4_train_f1_score": 0.8262775019494428,
    "mean_train_f1_score": 0.8295568636439997,
    "std_train_f1_score": 0.004559046276355036,
    "rank_train_f1_score": 12,
    "rank_train_accuracy": 12,
    "rank_train_recall": 12,
    "rank_train_precision": 12,
    "embedding_generation_time": 151.8196747303009,
    "embedding_generation_size": 16184,
    "system_prompt": "You are an intelligent assistant that follows the user\u2019s instructions closely. Respond to the user's queries in a clear, concise, and helpful manner. Ensure that all answers are accurate, relevant, and tailored to the user's needs. Stay focused on providing valuable information and completing tasks as requested by the user.",
    "user_prompt": ""
}