{
    "mean_fit_time": 0.42845711708068845,
    "std_fit_time": 0.003399431130068894,
    "mean_score_time": 18.284460735321044,
    "std_score_time": 0.0355893557061616,
    "param_metric": "manhattan",
    "param_n_neighbors": 8,
    "param_weights": "distance",
    "params": {
        "metric": "manhattan",
        "n_neighbors": 8,
        "weights": "distance"
    },
    "split0_test_accuracy": 0.7604103802051901,
    "split1_test_accuracy": 0.7767048883524442,
    "split2_test_accuracy": 0.7765700483091788,
    "split3_test_accuracy": 0.7814009661835749,
    "split4_test_accuracy": 0.7807971014492754,
    "mean_test_accuracy": 0.7751766768999327,
    "std_test_accuracy": 0.007650508236792821,
    "rank_test_accuracy": 2,
    "split0_train_accuracy": 0.9990943396226415,
    "split1_train_accuracy": 0.9986415094339622,
    "split2_train_accuracy": 0.9986417144581949,
    "split3_train_accuracy": 0.9989435556897072,
    "split4_train_accuracy": 0.9992453969212194,
    "mean_train_accuracy": 0.998913303225145,
    "std_train_accuracy": 0.00024149862735092,
    "split0_test_precision": 0.7675695628241507,
    "split1_test_precision": 0.6987164716995167,
    "split2_test_precision": 0.7168349812802413,
    "split3_test_precision": 0.6596887622286925,
    "split4_test_precision": 0.7344447603970395,
    "mean_test_precision": 0.7154509076859281,
    "std_test_precision": 0.035968026155795765,
    "rank_test_precision": 4,
    "split0_train_precision": 0.9978191190347079,
    "split1_train_precision": 0.9969017804874214,
    "split2_train_precision": 0.9968867852982222,
    "split3_train_precision": 0.9968222762359654,
    "split4_train_precision": 0.9974428996713111,
    "mean_train_precision": 0.9971745721455256,
    "std_train_precision": 0.000392119706098437,
    "split0_test_recall": 0.6677656273997042,
    "split1_test_recall": 0.695449355829724,
    "split2_test_recall": 0.6714353430113918,
    "split3_test_recall": 0.6881687924957226,
    "split4_test_recall": 0.682033819118711,
    "mean_test_recall": 0.6809705875710508,
    "std_test_recall": 0.010274932678020099,
    "rank_test_recall": 1,
    "split0_train_recall": 0.9967592502872197,
    "split1_train_recall": 0.9961607986583813,
    "split2_train_recall": 0.997105087953871,
    "split3_train_recall": 0.9978641610375292,
    "split4_train_recall": 0.9989162755217447,
    "mean_train_recall": 0.9973611146917492,
    "std_train_recall": 0.000952903968410582,
    "split0_test_f1_score": 0.6578657355736873,
    "split1_test_f1_score": 0.6799747154355503,
    "split2_test_f1_score": 0.6697079161654927,
    "split3_test_f1_score": 0.6693102538536787,
    "split4_test_f1_score": 0.6792960437349047,
    "mean_test_f1_score": 0.6712309329526628,
    "std_test_f1_score": 0.008076346121262195,
    "rank_test_f1_score": 1,
    "split0_train_f1_score": 0.9972852329584321,
    "split1_train_f1_score": 0.9965253460195161,
    "split2_train_f1_score": 0.9969917882032454,
    "split3_train_f1_score": 0.9973395366989759,
    "split4_train_f1_score": 0.9981738794227615,
    "mean_train_f1_score": 0.9972631566605863,
    "std_train_f1_score": 0.000539211017033385,
    "rank_train_f1_score": 2,
    "rank_train_accuracy": 1,
    "rank_train_recall": 2,
    "rank_train_precision": 5,
    "embedding_generation_time": 535.9206750392914,
    "embedding_generation_size": 67224,
    "system_prompt": "You are an intelligent assistant that follows the user\u2019s instructions closely. Respond to the user's queries in a clear, concise, and helpful manner. Ensure that all answers are accurate, relevant, and tailored to the user's needs. Stay focused on providing valuable information and completing tasks as requested by the user.",
    "user_prompt": ""
}