{
    "fit_time": [
        0.004301548004150391,
        0.004312753677368164,
        0.004296779632568359,
        0.006464242935180664,
        0.0050640106201171875
    ],
    "score_time": [
        0.05611014366149902,
        0.05320405960083008,
        0.0660247802734375,
        0.06205916404724121,
        0.06421256065368652
    ],
    "test_accuracy": [
        0.8833333333333333,
        0.9333333333333333,
        0.75,
        0.8666666666666667,
        0.8813559322033898
    ],
    "train_accuracy": [
        0.895397489539749,
        0.8870292887029289,
        0.9121338912133892,
        0.8870292887029289,
        0.8916666666666667
    ],
    "test_precision": [
        0.9254629629629629,
        0.9557692307692308,
        0.8077651515151515,
        0.886329431438127,
        0.9251893939393939
    ],
    "train_precision": [
        0.9051408658150232,
        0.9036441451870144,
        0.9301871229260936,
        0.9168674967644039,
        0.9023085964752632
    ],
    "test_recall": [
        0.9058760683760684,
        0.9557692307692308,
        0.8231837606837606,
        0.8775,
        0.9097222222222222
    ],
    "train_recall": [
        0.9260698198198198,
        0.9104448198198198,
        0.9301304981452041,
        0.915331715210356,
        0.9212559039622147
    ],
    "test_f1_score": [
        0.9147752497225305,
        0.9557692307692308,
        0.8101047237076648,
        0.8716548702392989,
        0.9139691660029583
    ],
    "train_f1_score": [
        0.9137238897103385,
        0.9060439560439562,
        0.9294217478428004,
        0.9148185880927131,
        0.9111848515896491
    ]
}