{
    "mean_fit_time": 0.004427433013916016,
    "std_fit_time": 0.0005096620603445243,
    "mean_score_time": 0.7345316410064697,
    "std_score_time": 0.008973536555032314,
    "param_metric": "manhattan",
    "param_n_neighbors": 5,
    "param_weights": "distance",
    "params": {
        "metric": "manhattan",
        "n_neighbors": 5,
        "weights": "distance"
    },
    "split0_test_accuracy": 0.9459283387622149,
    "split1_test_accuracy": 0.9583061889250815,
    "split2_test_accuracy": 0.955700325732899,
    "split3_test_accuracy": 0.9537459283387623,
    "split4_test_accuracy": 0.9582790091264668,
    "mean_test_accuracy": 0.9543919581770849,
    "std_test_accuracy": 0.004564918427409766,
    "rank_test_accuracy": 7,
    "split0_train_accuracy": 0.9995113210620622,
    "split1_train_accuracy": 0.9993484280827496,
    "split2_train_accuracy": 0.9995113210620622,
    "split3_train_accuracy": 0.9996742140413748,
    "split4_train_accuracy": 0.9995114006514658,
    "mean_train_accuracy": 0.999511336979943,
    "std_train_accuracy": 0.00010302257081460303,
    "split0_test_precision": 0.9052490063386026,
    "split1_test_precision": 0.9262565697635115,
    "split2_test_precision": 0.9305328627247076,
    "split3_test_precision": 0.9292935393818647,
    "split4_test_precision": 0.9318228511877836,
    "mean_test_precision": 0.924630965879294,
    "std_test_precision": 0.009865071068741741,
    "rank_test_precision": 8,
    "split0_train_precision": 0.9983137382330931,
    "split1_train_precision": 0.9977488781294284,
    "split2_train_precision": 0.9982954545454545,
    "split3_train_precision": 0.9988584474885844,
    "split4_train_precision": 0.9983190229749863,
    "mean_train_precision": 0.9983071082743095,
    "std_train_precision": 0.000350975084498382,
    "split0_test_recall": 0.861481756733586,
    "split1_test_recall": 0.8963360148630606,
    "split2_test_recall": 0.8816669149017786,
    "split3_test_recall": 0.9188237633884981,
    "split4_test_recall": 0.9044343804838271,
    "mean_test_recall": 0.8925485660741501,
    "std_test_recall": 0.01964464467104439,
    "rank_test_recall": 1,
    "split0_train_recall": 0.9983574665090622,
    "split1_train_recall": 0.9978213990310765,
    "split2_train_recall": 0.9983974358974359,
    "split3_train_recall": 0.9989316239316239,
    "split4_train_recall": 0.9983601333464065,
    "mean_train_recall": 0.998373611743121,
    "std_train_recall": 0.00035137626782440353,
    "split0_test_f1_score": 0.8790791360895057,
    "split1_test_f1_score": 0.9098847460722536,
    "split2_test_f1_score": 0.9020283983664459,
    "split3_test_f1_score": 0.9229256180846452,
    "split4_test_f1_score": 0.9145511698361523,
    "mean_test_f1_score": 0.9056938136898006,
    "std_test_f1_score": 0.014931363555282653,
    "rank_test_f1_score": 1,
    "split0_train_f1_score": 0.9983343756309183,
    "split1_train_f1_score": 0.9977802496357837,
    "split2_train_f1_score": 0.9983354248173028,
    "split3_train_f1_score": 0.9988901248178919,
    "split4_train_f1_score": 0.9983383574737151,
    "mean_train_f1_score": 0.9983357064751223,
    "std_train_f1_score": 0.00035097603263992746,
    "rank_train_f1_score": 1,
    "rank_train_precision": 3,
    "rank_train_recall": 1,
    "rank_train_accuracy": 1
}