{
    "mean_fit_time": 0.0004294872283935547,
    "std_fit_time": 6.655519439208221e-05,
    "mean_score_time": 0.005378007888793945,
    "std_score_time": 0.001306525521008426,
    "param_metric": "cosine",
    "param_n_neighbors": 12,
    "param_weights": "uniform",
    "params": {
        "metric": "cosine",
        "n_neighbors": 12,
        "weights": "uniform"
    },
    "split0_test_accuracy": 0.8805970149253731,
    "split1_test_accuracy": 0.9701492537313433,
    "split2_test_accuracy": 0.9402985074626866,
    "split3_test_accuracy": 0.9242424242424242,
    "split4_test_accuracy": 0.8939393939393939,
    "mean_test_accuracy": 0.9218453188602442,
    "std_test_accuracy": 0.032123821787058915,
    "rank_test_accuracy": 1,
    "split0_train_accuracy": 0.943609022556391,
    "split1_train_accuracy": 0.9360902255639098,
    "split2_train_accuracy": 0.9323308270676691,
    "split3_train_accuracy": 0.9363295880149812,
    "split4_train_accuracy": 0.9325842696629213,
    "mean_train_accuracy": 0.9361887865731745,
    "std_train_accuracy": 0.004073471125897515,
    "split0_test_precision": 0.8785030103995621,
    "split1_test_precision": 0.9721485411140585,
    "split2_test_precision": 0.93368700265252,
    "split3_test_precision": 0.9365384615384615,
    "split4_test_precision": 0.8980769230769231,
    "mean_test_precision": 0.923790787756305,
    "std_test_precision": 0.03259170502014628,
    "rank_test_precision": 1,
    "split0_train_precision": 0.947846765824974,
    "split1_train_precision": 0.9429813664596274,
    "split2_train_precision": 0.9378062678062677,
    "split3_train_precision": 0.935042735042735,
    "split4_train_precision": 0.9351390983743925,
    "mean_train_precision": 0.9397632467015994,
    "std_train_precision": 0.004963775189615877,
    "split0_test_recall": 0.8643671143671143,
    "split1_test_recall": 0.962912087912088,
    "split2_test_recall": 0.9258241758241759,
    "split3_test_recall": 0.907967032967033,
    "split4_test_recall": 0.8708791208791209,
    "mean_test_recall": 0.9063899063899065,
    "std_test_recall": 0.03633694015102087,
    "rank_test_recall": 1,
    "split0_train_recall": 0.9306318681318682,
    "split1_train_recall": 0.9210164835164836,
    "split2_train_recall": 0.9200965319084585,
    "split3_train_recall": 0.9213598901098902,
    "split4_train_recall": 0.9201173826173826,
    "mean_train_recall": 0.9226444312568166,
    "std_train_recall": 0.004024355191872716,
    "split0_test_f1_score": 0.8610823556475731,
    "split1_test_f1_score": 0.9671240065976907,
    "split2_test_f1_score": 0.9293747188484031,
    "split3_test_f1_score": 0.9183805668016194,
    "split4_test_f1_score": 0.8774831309041835,
    "mean_test_f1_score": 0.9106889557598941,
    "std_test_f1_score": 0.037832988686419204,
    "rank_test_f1_score": 1,
    "split0_train_f1_score": 0.9378104144533559,
    "split1_train_f1_score": 0.9301966557166472,
    "split2_train_f1_score": 0.9259326959578577,
    "split3_train_f1_score": 0.927149884090777,
    "split4_train_f1_score": 0.9246080011126372,
    "mean_train_f1_score": 0.9291395302662551,
    "std_train_f1_score": 0.004713363585788386,
    "rank_train_f1_score": 12,
    "rank_train_precision": 12,
    "rank_train_recall": 12,
    "rank_train_accuracy": 12
}