{
    "mean_fit_time": 0.00035085678100585935,
    "std_fit_time": 1.4365861973888097e-05,
    "mean_score_time": 0.015030193328857421,
    "std_score_time": 0.0008259391296852189,
    "param_metric": "cosine",
    "param_n_neighbors": 4,
    "param_weights": "distance",
    "params": {
        "metric": "cosine",
        "n_neighbors": 4,
        "weights": "distance"
    },
    "split0_test_accuracy": 0.9104477611940298,
    "split1_test_accuracy": 0.9701492537313433,
    "split2_test_accuracy": 0.9552238805970149,
    "split3_test_accuracy": 0.9253731343283582,
    "split4_test_accuracy": 0.8636363636363636,
    "mean_test_accuracy": 0.924966078697422,
    "std_test_accuracy": 0.03722723483910017,
    "rank_test_accuracy": 1,
    "split0_train_accuracy": 0.9962546816479401,
    "split1_train_accuracy": 0.9925093632958801,
    "split2_train_accuracy": 0.9962546816479401,
    "split3_train_accuracy": 0.9962546816479401,
    "split4_train_accuracy": 0.996268656716418,
    "mean_train_accuracy": 0.9955084129912237,
    "std_train_accuracy": 0.0014995346158611568,
    "split0_test_precision": 0.8987077737077737,
    "split1_test_precision": 0.9666666666666667,
    "split2_test_precision": 0.9458333333333333,
    "split3_test_precision": 0.9250663129973474,
    "split4_test_precision": 0.8552568121533639,
    "mean_test_precision": 0.918306179771697,
    "std_test_precision": 0.03873370768328568,
    "rank_test_precision": 1,
    "split0_train_precision": 0.9956896551724138,
    "split1_train_precision": 0.9915254237288136,
    "split2_train_precision": 0.9956896551724138,
    "split3_train_precision": 0.9956140350877193,
    "split4_train_precision": 0.9956896551724138,
    "mean_train_precision": 0.9948416848667548,
    "std_train_precision": 0.0016583892014048684,
    "split0_test_recall": 0.8987077737077737,
    "split1_test_recall": 0.9642857142857143,
    "split2_test_recall": 0.9436813186813188,
    "split3_test_recall": 0.9115384615384615,
    "split4_test_recall": 0.8423890923890924,
    "mean_test_recall": 0.9121204721204721,
    "std_test_recall": 0.04185690877278233,
    "rank_test_recall": 1,
    "split0_train_recall": 0.9951923076923077,
    "split1_train_recall": 0.9903846153846154,
    "split2_train_recall": 0.9951923076923077,
    "split3_train_recall": 0.9951923076923077,
    "split4_train_recall": 0.9951923076923077,
    "mean_train_recall": 0.9942307692307691,
    "std_train_recall": 0.0019230769230769162,
    "split0_test_f1_score": 0.8981481481481481,
    "split1_test_f1_score": 0.962912087912088,
    "split2_test_f1_score": 0.9441379310344827,
    "split3_test_f1_score": 0.9168956043956045,
    "split4_test_f1_score": 0.8452197802197803,
    "mean_test_f1_score": 0.9134627103420208,
    "std_test_f1_score": 0.04071763302315212,
    "rank_test_f1_score": 1,
    "split0_train_f1_score": 0.9953989024905023,
    "split1_train_f1_score": 0.9907876943881001,
    "split2_train_f1_score": 0.9953989024905023,
    "split3_train_f1_score": 0.9953604261534496,
    "split4_train_f1_score": 0.9953989024905023,
    "mean_train_f1_score": 0.9944689656026113,
    "std_train_f1_score": 0.0018406959289828922,
    "rank_train_f1_score": 2,
    "rank_train_accuracy": 1,
    "rank_train_recall": 2,
    "rank_train_precision": 1,
    "embedding_generation_time": 2.395756721496582,
    "embedding_generation_size": 513152
}