{
    "mean_fit_time": 0.3127338409423828,
    "std_fit_time": 0.00140422640710436,
    "mean_score_time": 9.558344745635987,
    "std_score_time": 0.05210325905390117,
    "param_metric": "manhattan",
    "param_n_neighbors": 5,
    "param_weights": "distance",
    "params": {
        "metric": "manhattan",
        "n_neighbors": 5,
        "weights": "distance"
    },
    "split0_test_accuracy": 0.7516666666666667,
    "split1_test_accuracy": 0.7341666666666666,
    "split2_test_accuracy": 0.76,
    "split3_test_accuracy": 0.7508333333333334,
    "split4_test_accuracy": 0.7541666666666667,
    "mean_test_accuracy": 0.7501666666666666,
    "std_test_accuracy": 0.008618455649231945,
    "rank_test_accuracy": 1,
    "split0_train_accuracy": 1.0,
    "split1_train_accuracy": 1.0,
    "split2_train_accuracy": 1.0,
    "split3_train_accuracy": 1.0,
    "split4_train_accuracy": 1.0,
    "mean_train_accuracy": 1.0,
    "std_train_accuracy": 0.0,
    "split0_test_precision": 0.761664477389646,
    "split1_test_precision": 0.7481369869164841,
    "split2_test_precision": 0.7668042838629536,
    "split3_test_precision": 0.7587496255062817,
    "split4_test_precision": 0.7666103380163315,
    "mean_test_precision": 0.7603931423383394,
    "std_test_precision": 0.006845247166635944,
    "rank_test_precision": 2,
    "split0_train_precision": 1.0,
    "split1_train_precision": 1.0,
    "split2_train_precision": 1.0,
    "split3_train_precision": 1.0,
    "split4_train_precision": 1.0,
    "mean_train_precision": 1.0,
    "std_train_precision": 0.0,
    "split0_test_recall": 0.7516666666666666,
    "split1_test_recall": 0.7341666666666667,
    "split2_test_recall": 0.7599999999999999,
    "split3_test_recall": 0.7508333333333335,
    "split4_test_recall": 0.7541666666666668,
    "mean_test_recall": 0.7501666666666666,
    "std_test_recall": 0.008618455649231886,
    "rank_test_recall": 1,
    "split0_train_recall": 1.0,
    "split1_train_recall": 1.0,
    "split2_train_recall": 1.0,
    "split3_train_recall": 1.0,
    "split4_train_recall": 1.0,
    "mean_train_recall": 1.0,
    "std_train_recall": 0.0,
    "split0_test_f1_score": 0.748275330749038,
    "split1_test_f1_score": 0.7299094423436935,
    "split2_test_f1_score": 0.7583611739731034,
    "split3_test_f1_score": 0.7471391511034228,
    "split4_test_f1_score": 0.75187060670764,
    "mean_test_f1_score": 0.7471111409753795,
    "std_test_f1_score": 0.009449553584356802,
    "rank_test_f1_score": 1,
    "split0_train_f1_score": 1.0,
    "split1_train_f1_score": 1.0,
    "split2_train_f1_score": 1.0,
    "split3_train_f1_score": 1.0,
    "split4_train_f1_score": 1.0,
    "mean_train_f1_score": 1.0,
    "std_train_f1_score": 0.0,
    "rank_train_f1_score": 1,
    "rank_train_accuracy": 1,
    "rank_train_recall": 1,
    "rank_train_precision": 1,
    "embedding_generation_time": 197.4775276184082,
    "embedding_generation_size": 53080,
    "system_prompt": "You are an intelligent assistant that follows the user\u2019s instructions closely. Respond to the user's queries in a clear, concise, and helpful manner. Ensure that all answers are accurate, relevant, and tailored to the user's needs. Stay focused on providing valuable information and completing tasks as requested by the user.",
    "user_prompt": ""
}