{
    "mean_fit_time": 0.002410888671875,
    "std_fit_time": 0.0001653536925309546,
    "mean_score_time": 0.01545267105102539,
    "std_score_time": 0.0027978086038843554,
    "param_metric": "cosine",
    "param_n_neighbors": 4,
    "param_weights": "distance",
    "params": {
        "metric": "cosine",
        "n_neighbors": 4,
        "weights": "distance"
    },
    "split0_test_accuracy": 0.7075,
    "split1_test_accuracy": 0.695,
    "split2_test_accuracy": 0.6675,
    "split3_test_accuracy": 0.6325,
    "split4_test_accuracy": 0.6675,
    "mean_test_accuracy": 0.6739999999999999,
    "std_test_accuracy": 0.025961509971494354,
    "rank_test_accuracy": 3,
    "split0_train_accuracy": 1.0,
    "split1_train_accuracy": 1.0,
    "split2_train_accuracy": 1.0,
    "split3_train_accuracy": 1.0,
    "split4_train_accuracy": 1.0,
    "mean_train_accuracy": 1.0,
    "std_train_accuracy": 0.0,
    "split0_test_precision": 0.7185648452929558,
    "split1_test_precision": 0.7049180327868853,
    "split2_test_precision": 0.6721878132147722,
    "split3_test_precision": 0.6349596394285859,
    "split4_test_precision": 0.6772908893651928,
    "mean_test_precision": 0.6815842440176784,
    "std_test_precision": 0.028957244786415936,
    "rank_test_precision": 20,
    "split0_train_precision": 1.0,
    "split1_train_precision": 1.0,
    "split2_train_precision": 1.0,
    "split3_train_precision": 1.0,
    "split4_train_precision": 1.0,
    "mean_train_precision": 1.0,
    "std_train_precision": 0.0,
    "split0_test_recall": 0.7075,
    "split1_test_recall": 0.6950000000000001,
    "split2_test_recall": 0.6675,
    "split3_test_recall": 0.6325,
    "split4_test_recall": 0.6675,
    "mean_test_recall": 0.674,
    "std_test_recall": 0.02596150997149437,
    "rank_test_recall": 3,
    "split0_train_recall": 1.0,
    "split1_train_recall": 1.0,
    "split2_train_recall": 1.0,
    "split3_train_recall": 1.0,
    "split4_train_recall": 1.0,
    "mean_train_recall": 1.0,
    "std_train_recall": 0.0,
    "split0_test_f1_score": 0.7037505934483304,
    "split1_test_f1_score": 0.6912642980058711,
    "split2_test_f1_score": 0.6652214132438912,
    "split3_test_f1_score": 0.6308179141212147,
    "split4_test_f1_score": 0.6628451559341153,
    "mean_test_f1_score": 0.6707798749506845,
    "std_test_f1_score": 0.02528831525392207,
    "rank_test_f1_score": 1,
    "split0_train_f1_score": 1.0,
    "split1_train_f1_score": 1.0,
    "split2_train_f1_score": 1.0,
    "split3_train_f1_score": 1.0,
    "split4_train_f1_score": 1.0,
    "mean_train_f1_score": 1.0,
    "std_train_f1_score": 0.0,
    "rank_train_f1_score": 1,
    "rank_train_precision": 1,
    "rank_train_recall": 1,
    "rank_train_accuracy": 1
}