{
    "mean_fit_time": 0.013160610198974609,
    "std_fit_time": 0.0032250660810029907,
    "mean_score_time": 0.3142660617828369,
    "std_score_time": 0.038136487561914525,
    "param_metric": "cosine",
    "param_n_neighbors": 8,
    "param_weights": "distance",
    "params": {
        "metric": "cosine",
        "n_neighbors": 8,
        "weights": "distance"
    },
    "split0_test_accuracy": 0.741578947368421,
    "split1_test_accuracy": 0.7368421052631579,
    "split2_test_accuracy": 0.7268421052631578,
    "split3_test_accuracy": 0.7442105263157894,
    "split4_test_accuracy": 0.7452631578947368,
    "mean_test_accuracy": 0.7389473684210526,
    "std_test_accuracy": 0.006715426487468046,
    "rank_test_accuracy": 4,
    "split0_train_accuracy": 1.0,
    "split1_train_accuracy": 1.0,
    "split2_train_accuracy": 1.0,
    "split3_train_accuracy": 1.0,
    "split4_train_accuracy": 1.0,
    "mean_train_accuracy": 1.0,
    "std_train_accuracy": 0.0,
    "split0_test_precision": 0.7297466510515135,
    "split1_test_precision": 0.7223098588556228,
    "split2_test_precision": 0.7186186155229266,
    "split3_test_precision": 0.7410636271026994,
    "split4_test_precision": 0.7361033527064083,
    "mean_test_precision": 0.729568421047834,
    "std_test_precision": 0.008336208083916219,
    "rank_test_precision": 1,
    "split0_train_precision": 1.0,
    "split1_train_precision": 1.0,
    "split2_train_precision": 1.0,
    "split3_train_precision": 1.0,
    "split4_train_precision": 1.0,
    "mean_train_precision": 1.0,
    "std_train_precision": 0.0,
    "split0_test_recall": 0.7344444444444445,
    "split1_test_recall": 0.7327777777777778,
    "split2_test_recall": 0.7191666666666667,
    "split3_test_recall": 0.7394444444444446,
    "split4_test_recall": 0.7408333333333332,
    "mean_test_recall": 0.7333333333333333,
    "std_test_recall": 0.007691987172809528,
    "rank_test_recall": 4,
    "split0_train_recall": 1.0,
    "split1_train_recall": 1.0,
    "split2_train_recall": 1.0,
    "split3_train_recall": 1.0,
    "split4_train_recall": 1.0,
    "mean_train_recall": 1.0,
    "std_train_recall": 0.0,
    "split0_test_f1_score": 0.7251923025945258,
    "split1_test_f1_score": 0.7215128501717875,
    "split2_test_f1_score": 0.7108163499133318,
    "split3_test_f1_score": 0.7318755117176488,
    "split4_test_f1_score": 0.7330044651435024,
    "mean_test_f1_score": 0.7244802959081593,
    "std_test_f1_score": 0.008041974706388944,
    "rank_test_f1_score": 1,
    "split0_train_f1_score": 1.0,
    "split1_train_f1_score": 1.0,
    "split2_train_f1_score": 1.0,
    "split3_train_f1_score": 1.0,
    "split4_train_f1_score": 1.0,
    "mean_train_f1_score": 1.0,
    "std_train_f1_score": 0.0,
    "rank_train_accuracy": 1,
    "rank_train_recall": 1,
    "rank_train_precision": 1,
    "rank_train_f1_score": 1,
    "embedding_generation_time": 18.19149136543274,
    "embedding_generation_size": null
}