{
    "mean_fit_time": 0.020142650604248045,
    "std_fit_time": 0.005693403389693852,
    "mean_score_time": 0.5976290702819824,
    "std_score_time": 0.1609304603538954,
    "param_metric": "cosine",
    "param_n_neighbors": 11,
    "param_weights": "distance",
    "params": {
        "metric": "cosine",
        "n_neighbors": 11,
        "weights": "distance"
    },
    "split0_test_accuracy": 0.8688888888888889,
    "split1_test_accuracy": 0.8685185185185185,
    "split2_test_accuracy": 0.8729629629629629,
    "split3_test_accuracy": 0.8637037037037038,
    "split4_test_accuracy": 0.8807407407407407,
    "mean_test_accuracy": 0.8709629629629629,
    "std_test_accuracy": 0.0057022605196793055,
    "rank_test_accuracy": 1,
    "split0_train_accuracy": 1.0,
    "split1_train_accuracy": 1.0,
    "split2_train_accuracy": 1.0,
    "split3_train_accuracy": 1.0,
    "split4_train_accuracy": 1.0,
    "mean_train_accuracy": 1.0,
    "std_train_accuracy": 0.0,
    "split0_test_precision": 0.8711982327061567,
    "split1_test_precision": 0.8705651525658064,
    "split2_test_precision": 0.8745807778275098,
    "split3_test_precision": 0.8653490206798874,
    "split4_test_precision": 0.883522195952523,
    "mean_test_precision": 0.8730430759463766,
    "std_test_precision": 0.006015289194763798,
    "rank_test_precision": 2,
    "split0_train_precision": 1.0,
    "split1_train_precision": 1.0,
    "split2_train_precision": 1.0,
    "split3_train_precision": 1.0,
    "split4_train_precision": 1.0,
    "mean_train_precision": 1.0,
    "std_train_precision": 0.0,
    "split0_test_recall": 0.8688888888888889,
    "split1_test_recall": 0.8685185185185185,
    "split2_test_recall": 0.872962962962963,
    "split3_test_recall": 0.8637037037037039,
    "split4_test_recall": 0.8807407407407408,
    "mean_test_recall": 0.8709629629629629,
    "std_test_recall": 0.005702260519679324,
    "rank_test_recall": 1,
    "split0_train_recall": 1.0,
    "split1_train_recall": 1.0,
    "split2_train_recall": 1.0,
    "split3_train_recall": 1.0,
    "split4_train_recall": 1.0,
    "mean_train_recall": 1.0,
    "std_train_recall": 0.0,
    "split0_test_f1_score": 0.8670191792196947,
    "split1_test_f1_score": 0.867728706378644,
    "split2_test_f1_score": 0.8713003071296186,
    "split3_test_f1_score": 0.8617176943379556,
    "split4_test_f1_score": 0.8805894592540224,
    "mean_test_f1_score": 0.8696710692639872,
    "std_test_f1_score": 0.0062598262451399175,
    "rank_test_f1_score": 1,
    "split0_train_f1_score": 1.0,
    "split1_train_f1_score": 1.0,
    "split2_train_f1_score": 1.0,
    "split3_train_f1_score": 1.0,
    "split4_train_f1_score": 1.0,
    "mean_train_f1_score": 1.0,
    "std_train_f1_score": 0.0,
    "rank_train_f1_score": 1,
    "rank_train_precision": 1,
    "rank_train_recall": 1,
    "rank_train_accuracy": 1
}