{
    "mean_fit_time": 0.009309005737304688,
    "std_fit_time": 0.0025630553013298476,
    "mean_score_time": 0.16743965148925782,
    "std_score_time": 0.001893693678979923,
    "param_metric": "cosine",
    "param_n_neighbors": 12,
    "param_weights": "uniform",
    "params": {
        "metric": "cosine",
        "n_neighbors": 12,
        "weights": "uniform"
    },
    "split0_test_accuracy": 0.9725158562367865,
    "split1_test_accuracy": 0.9732205778717407,
    "split2_test_accuracy": 0.9844961240310077,
    "split3_test_accuracy": 0.9767441860465116,
    "split4_test_accuracy": 0.9767441860465116,
    "mean_test_accuracy": 0.9767441860465116,
    "std_test_accuracy": 0.004251755638900158,
    "rank_test_accuracy": 1,
    "split0_train_accuracy": 0.9800916138125441,
    "split1_train_accuracy": 0.9792107117688513,
    "split2_train_accuracy": 0.9776250880902043,
    "split3_train_accuracy": 0.9783298097251586,
    "split4_train_accuracy": 0.9788583509513742,
    "mean_train_accuracy": 0.9788231148696264,
    "std_train_accuracy": 0.0008293588651120554,
    "split0_test_precision": 0.9730389762080991,
    "split1_test_precision": 0.9716980479532323,
    "split2_test_precision": 0.9841791897857963,
    "split3_test_precision": 0.978009308641415,
    "split4_test_precision": 0.9757858428934427,
    "mean_test_precision": 0.976542273096397,
    "std_test_precision": 0.00439969277991862,
    "rank_test_precision": 1,
    "split0_train_precision": 0.9800756318472562,
    "split1_train_precision": 0.9792369077345395,
    "split2_train_precision": 0.9777697887079149,
    "split3_train_precision": 0.9783990085472012,
    "split4_train_precision": 0.9788495169855509,
    "mean_train_precision": 0.9788661707644926,
    "std_train_precision": 0.0007772790375769305,
    "split0_test_recall": 0.9790488351432296,
    "split1_test_recall": 0.9793002221057816,
    "split2_test_recall": 0.9872990084736245,
    "split3_test_recall": 0.9809099791447837,
    "split4_test_recall": 0.9805223341321837,
    "mean_test_recall": 0.9814160757999206,
    "std_test_recall": 0.0030247138713609036,
    "rank_test_recall": 1,
    "split0_train_recall": 0.9834913036187772,
    "split1_train_recall": 0.9834035324391152,
    "split2_train_recall": 0.9820521178640308,
    "split3_train_recall": 0.9822744136178376,
    "split4_train_recall": 0.9831599149309078,
    "mean_train_recall": 0.9828762564941338,
    "std_train_recall": 0.0005963529702814822,
    "split0_test_f1_score": 0.9758407329960715,
    "split1_test_f1_score": 0.9752940833175995,
    "split2_test_f1_score": 0.9857058232542699,
    "split3_test_f1_score": 0.979407850796197,
    "split4_test_f1_score": 0.9780665471824915,
    "mean_test_f1_score": 0.9788630075093259,
    "std_test_f1_score": 0.0037316670188665083,
    "rank_test_f1_score": 1,
    "split0_train_f1_score": 0.9817455656784063,
    "split1_train_f1_score": 0.9812537958838619,
    "split2_train_f1_score": 0.979844242755193,
    "split3_train_f1_score": 0.9802723950629639,
    "split4_train_f1_score": 0.9809140037465034,
    "mean_train_f1_score": 0.9808060006253857,
    "std_train_f1_score": 0.0006789228017481204,
    "rank_train_f1_score": 13,
    "rank_train_precision": 12,
    "rank_train_recall": 14,
    "rank_train_accuracy": 12
}