{
    "mean_fit_time": 0.006472730636596679,
    "std_fit_time": 0.0004757087373302725,
    "mean_score_time": 0.11211018562316895,
    "std_score_time": 0.002108037340956846,
    "param_metric": "cosine",
    "param_n_neighbors": 8,
    "param_weights": "distance",
    "params": {
        "metric": "cosine",
        "n_neighbors": 8,
        "weights": "distance"
    },
    "split0_test_accuracy": 0.7833333333333333,
    "split1_test_accuracy": 0.7841666666666667,
    "split2_test_accuracy": 0.8091666666666667,
    "split3_test_accuracy": 0.79,
    "split4_test_accuracy": 0.8,
    "mean_test_accuracy": 0.7933333333333333,
    "std_test_accuracy": 0.00990230051834198,
    "rank_test_accuracy": 1,
    "split0_train_accuracy": 1.0,
    "split1_train_accuracy": 1.0,
    "split2_train_accuracy": 1.0,
    "split3_train_accuracy": 1.0,
    "split4_train_accuracy": 1.0,
    "mean_train_accuracy": 1.0,
    "std_train_accuracy": 0.0,
    "split0_test_precision": 0.7892852170316312,
    "split1_test_precision": 0.7953903354349805,
    "split2_test_precision": 0.8147868453917829,
    "split3_test_precision": 0.7952254933296591,
    "split4_test_precision": 0.8111326645674825,
    "mean_test_precision": 0.8011641111511073,
    "std_test_precision": 0.009946484188478677,
    "rank_test_precision": 1,
    "split0_train_precision": 1.0,
    "split1_train_precision": 1.0,
    "split2_train_precision": 1.0,
    "split3_train_precision": 1.0,
    "split4_train_precision": 1.0,
    "mean_train_precision": 1.0,
    "std_train_precision": 0.0,
    "split0_test_recall": 0.7833333333333332,
    "split1_test_recall": 0.7841666666666667,
    "split2_test_recall": 0.8091666666666666,
    "split3_test_recall": 0.79,
    "split4_test_recall": 0.8000000000000002,
    "mean_test_recall": 0.7933333333333333,
    "std_test_recall": 0.00990230051834198,
    "rank_test_recall": 1,
    "split0_train_recall": 1.0,
    "split1_train_recall": 1.0,
    "split2_train_recall": 1.0,
    "split3_train_recall": 1.0,
    "split4_train_recall": 1.0,
    "mean_train_recall": 1.0,
    "std_train_recall": 0.0,
    "split0_test_f1_score": 0.7814881599520914,
    "split1_test_f1_score": 0.7814233885535803,
    "split2_test_f1_score": 0.8078548233272609,
    "split3_test_f1_score": 0.7874493275112017,
    "split4_test_f1_score": 0.7980732362890142,
    "mean_test_f1_score": 0.7912577871266298,
    "std_test_f1_score": 0.010281802692091776,
    "rank_test_f1_score": 1,
    "split0_train_f1_score": 1.0,
    "split1_train_f1_score": 1.0,
    "split2_train_f1_score": 1.0,
    "split3_train_f1_score": 1.0,
    "split4_train_f1_score": 1.0,
    "mean_train_f1_score": 1.0,
    "std_train_f1_score": 0.0,
    "rank_train_f1_score": 1,
    "rank_train_precision": 1,
    "rank_train_recall": 1,
    "rank_train_accuracy": 1
}