{
    "mean_fit_time": 0.006865501403808594,
    "std_fit_time": 0.0019031283299079202,
    "mean_score_time": 0.18396172523498536,
    "std_score_time": 0.021057741128618412,
    "param_metric": "cosine",
    "param_n_neighbors": 4,
    "param_weights": "distance",
    "params": {
        "metric": "cosine",
        "n_neighbors": 4,
        "weights": "distance"
    },
    "split0_test_accuracy": 0.9485342019543974,
    "split1_test_accuracy": 0.9628664495114007,
    "split2_test_accuracy": 0.9635179153094463,
    "split3_test_accuracy": 0.9596091205211726,
    "split4_test_accuracy": 0.9556714471968709,
    "mean_test_accuracy": 0.9580398268986576,
    "std_test_accuracy": 0.005508802936186829,
    "rank_test_accuracy": 15,
    "split0_train_accuracy": 0.9995113210620622,
    "split1_train_accuracy": 0.9993484280827496,
    "split2_train_accuracy": 0.9995113210620622,
    "split3_train_accuracy": 0.9996742140413748,
    "split4_train_accuracy": 0.9995114006514658,
    "mean_train_accuracy": 0.999511336979943,
    "std_train_accuracy": 0.00010302257081460303,
    "split0_test_precision": 0.92151522253618,
    "split1_test_precision": 0.9327306025242841,
    "split2_test_precision": 0.9530050035455797,
    "split3_test_precision": 0.9187830992390102,
    "split4_test_precision": 0.9450554965160192,
    "mean_test_precision": 0.9342178848722147,
    "std_test_precision": 0.013207663691492006,
    "rank_test_precision": 12,
    "split0_train_precision": 0.9983137382330931,
    "split1_train_precision": 0.9977488781294284,
    "split2_train_precision": 0.9982954545454545,
    "split3_train_precision": 0.9988584474885844,
    "split4_train_precision": 0.9983190229749863,
    "mean_train_precision": 0.9983071082743095,
    "std_train_precision": 0.000350975084498382,
    "split0_test_recall": 0.8820673942452957,
    "split1_test_recall": 0.9294241411670395,
    "split2_test_recall": 0.9309144796117776,
    "split3_test_recall": 0.9079223441481017,
    "split4_test_recall": 0.9263602177535173,
    "mean_test_recall": 0.9153377153851462,
    "std_test_recall": 0.018571271000518905,
    "rank_test_recall": 1,
    "split0_train_recall": 0.9983574665090622,
    "split1_train_recall": 0.9978213990310765,
    "split2_train_recall": 0.9983974358974359,
    "split3_train_recall": 0.9989316239316239,
    "split4_train_recall": 0.9983601333464065,
    "mean_train_recall": 0.998373611743121,
    "std_train_recall": 0.00035137626782440353,
    "split0_test_f1_score": 0.8996357216202644,
    "split1_test_f1_score": 0.9309228561517269,
    "split2_test_f1_score": 0.9411541699437839,
    "split3_test_f1_score": 0.9118372591751831,
    "split4_test_f1_score": 0.9348062901117999,
    "mean_test_f1_score": 0.9236712594005517,
    "std_test_f1_score": 0.015491787264007965,
    "rank_test_f1_score": 1,
    "split0_train_f1_score": 0.9983343756309183,
    "split1_train_f1_score": 0.9977802496357837,
    "split2_train_f1_score": 0.9983354248173028,
    "split3_train_f1_score": 0.9988901248178919,
    "split4_train_f1_score": 0.9983383574737151,
    "mean_train_f1_score": 0.9983357064751223,
    "std_train_f1_score": 0.00035097603263992746,
    "rank_train_f1_score": 1,
    "rank_train_accuracy": 1,
    "rank_train_recall": 1,
    "rank_train_precision": 3,
    "embedding_generation_time": 4.679050445556641,
    "embedding_generation_size": 11787392
}