{
    "mean_fit_time": 0.004602384567260742,
    "std_fit_time": 0.00037241883822572924,
    "mean_score_time": 0.1538461208343506,
    "std_score_time": 0.02900581886166987,
    "param_metric": "cosine",
    "param_n_neighbors": 4,
    "param_weights": "distance",
    "params": {
        "metric": "cosine",
        "n_neighbors": 4,
        "weights": "distance"
    },
    "split0_test_accuracy": 0.9485342019543974,
    "split1_test_accuracy": 0.9628664495114007,
    "split2_test_accuracy": 0.9635179153094463,
    "split3_test_accuracy": 0.9596091205211726,
    "split4_test_accuracy": 0.9556714471968709,
    "mean_test_accuracy": 0.9580398268986576,
    "std_test_accuracy": 0.005508802936186829,
    "rank_test_accuracy": 15,
    "split0_train_accuracy": 0.9996742140413748,
    "split1_train_accuracy": 0.9995113210620622,
    "split2_train_accuracy": 0.9996742140413748,
    "split3_train_accuracy": 0.9996742140413748,
    "split4_train_accuracy": 0.9996742671009772,
    "mean_train_accuracy": 0.9996416460574327,
    "std_train_accuracy": 6.51625009256252e-05,
    "split0_test_precision": 0.92151522253618,
    "split1_test_precision": 0.9327306025242841,
    "split2_test_precision": 0.9530050035455797,
    "split3_test_precision": 0.9187830992390102,
    "split4_test_precision": 0.9450554965160192,
    "mean_test_precision": 0.9342178848722147,
    "std_test_precision": 0.013207663691492006,
    "rank_test_precision": 12,
    "split0_train_precision": 0.9988893814026792,
    "split1_train_precision": 0.998316730322479,
    "split2_train_precision": 0.9988584474885844,
    "split3_train_precision": 0.9988584474885844,
    "split4_train_precision": 0.9988920482400235,
    "mean_train_precision": 0.99876301098847,
    "std_train_precision": 0.0002236080400260397,
    "split0_test_recall": 0.8820673942452957,
    "split1_test_recall": 0.9294241411670395,
    "split2_test_recall": 0.9309144796117776,
    "split3_test_recall": 0.9079223441481017,
    "split4_test_recall": 0.9263602177535173,
    "mean_test_recall": 0.9153377153851462,
    "std_test_recall": 0.018571271000518905,
    "rank_test_recall": 1,
    "split0_train_recall": 0.9988893814026792,
    "split1_train_recall": 0.9983555870652645,
    "split2_train_recall": 0.9989316239316239,
    "split3_train_recall": 0.9989316239316239,
    "split4_train_recall": 0.9988920482400235,
    "mean_train_recall": 0.9988000529142431,
    "std_train_recall": 0.00022298631121629595,
    "split0_test_f1_score": 0.8996357216202644,
    "split1_test_f1_score": 0.9309228561517269,
    "split2_test_f1_score": 0.9411541699437839,
    "split3_test_f1_score": 0.9118372591751831,
    "split4_test_f1_score": 0.9348062901117999,
    "mean_test_f1_score": 0.9236712594005517,
    "std_test_f1_score": 0.015491787264007965,
    "rank_test_f1_score": 1,
    "split0_train_f1_score": 0.9988893814026792,
    "split1_train_f1_score": 0.9983349331758103,
    "split2_train_f1_score": 0.9988901248178919,
    "split3_train_f1_score": 0.9988901248178919,
    "split4_train_f1_score": 0.9988920482400235,
    "mean_train_f1_score": 0.9987793224908593,
    "std_train_f1_score": 0.00022219641458716885,
    "rank_train_f1_score": 1,
    "rank_train_precision": 1,
    "rank_train_recall": 1,
    "rank_train_accuracy": 1
}