{
    "mean_fit_time": 0.005892658233642578,
    "std_fit_time": 0.0005056867977170384,
    "mean_score_time": 0.34961256980895994,
    "std_score_time": 0.03542601807996956,
    "param_metric": "cosine",
    "param_n_neighbors": 8,
    "param_weights": "distance",
    "params": {
        "metric": "cosine",
        "n_neighbors": 8,
        "weights": "distance"
    },
    "split0_test_accuracy": 0.891686460807601,
    "split1_test_accuracy": 0.87458432304038,
    "split2_test_accuracy": 0.8636579572446555,
    "split3_test_accuracy": 0.8878859857482185,
    "split4_test_accuracy": 0.8859315589353612,
    "mean_test_accuracy": 0.8807492571552432,
    "std_test_accuracy": 0.010271616384556143,
    "rank_test_accuracy": 1,
    "split0_train_accuracy": 1.0,
    "split1_train_accuracy": 1.0,
    "split2_train_accuracy": 1.0,
    "split3_train_accuracy": 1.0,
    "split4_train_accuracy": 1.0,
    "mean_train_accuracy": 1.0,
    "std_train_accuracy": 0.0,
    "split0_test_precision": 0.8967265294321742,
    "split1_test_precision": 0.8827894205308469,
    "split2_test_precision": 0.8654175254728851,
    "split3_test_precision": 0.8930755621993542,
    "split4_test_precision": 0.8923292616306239,
    "mean_test_precision": 0.8860676598531768,
    "std_test_precision": 0.011305792814248285,
    "rank_test_precision": 1,
    "split0_train_precision": 1.0,
    "split1_train_precision": 1.0,
    "split2_train_precision": 1.0,
    "split3_train_precision": 1.0,
    "split4_train_precision": 1.0,
    "mean_train_precision": 1.0,
    "std_train_precision": 0.0,
    "split0_test_recall": 0.8814672349601553,
    "split1_test_recall": 0.8766571438134299,
    "split2_test_recall": 0.8505212877944281,
    "split3_test_recall": 0.8903311254239492,
    "split4_test_recall": 0.8806391591438254,
    "mean_test_recall": 0.8759231902271576,
    "std_test_recall": 0.013463734448718985,
    "rank_test_recall": 1,
    "split0_train_recall": 1.0,
    "split1_train_recall": 1.0,
    "split2_train_recall": 1.0,
    "split3_train_recall": 1.0,
    "split4_train_recall": 1.0,
    "mean_train_recall": 1.0,
    "std_train_recall": 0.0,
    "split0_test_f1_score": 0.8872596541398265,
    "split1_test_f1_score": 0.8787189504896766,
    "split2_test_f1_score": 0.8557826389949477,
    "split3_test_f1_score": 0.8907111368794152,
    "split4_test_f1_score": 0.88433254747909,
    "mean_test_f1_score": 0.8793609855965911,
    "std_test_f1_score": 0.012428048631994862,
    "rank_test_f1_score": 1,
    "split0_train_f1_score": 1.0,
    "split1_train_f1_score": 1.0,
    "split2_train_f1_score": 1.0,
    "split3_train_f1_score": 1.0,
    "split4_train_f1_score": 1.0,
    "mean_train_f1_score": 1.0,
    "std_train_f1_score": 0.0,
    "rank_train_accuracy": 1,
    "rank_train_f1_score": 1,
    "rank_train_recall": 1,
    "rank_train_precision": 1,
    "embedding_generation_time": 2.77135968208313,
    "embedding_generation_size": 16164992
}