{
    "mean_fit_time": 0.004268455505371094,
    "std_fit_time": 0.0002922440530612253,
    "mean_score_time": 0.1757340431213379,
    "std_score_time": 0.01637977607333735,
    "param_metric": "cosine",
    "param_n_neighbors": 8,
    "param_weights": "uniform",
    "params": {
        "metric": "cosine",
        "n_neighbors": 8,
        "weights": "uniform"
    },
    "split0_test_accuracy": 0.9732205778717407,
    "split1_test_accuracy": 0.9753347427766033,
    "split2_test_accuracy": 0.9823819591261451,
    "split3_test_accuracy": 0.9732205778717407,
    "split4_test_accuracy": 0.9823819591261451,
    "mean_test_accuracy": 0.977307963354475,
    "std_test_accuracy": 0.004214211807674692,
    "rank_test_accuracy": 1,
    "split0_train_accuracy": 0.9829105003523608,
    "split1_train_accuracy": 0.9809725158562368,
    "split2_train_accuracy": 0.9792107117688513,
    "split3_train_accuracy": 0.9806201550387597,
    "split4_train_accuracy": 0.9804439746300211,
    "mean_train_accuracy": 0.980831571529246,
    "std_train_accuracy": 0.0011969899754378475,
    "split0_test_precision": 0.9760498970408786,
    "split1_test_precision": 0.9745522396813978,
    "split2_test_precision": 0.984271600715698,
    "split3_test_precision": 0.9756948259523008,
    "split4_test_precision": 0.9835080542676993,
    "mean_test_precision": 0.978815323531595,
    "std_test_precision": 0.004179752509493571,
    "rank_test_precision": 1,
    "split0_train_precision": 0.9850419098346241,
    "split1_train_precision": 0.9828555534791521,
    "split2_train_precision": 0.9812957532207447,
    "split3_train_precision": 0.9820749172194119,
    "split4_train_precision": 0.9823980085656087,
    "mean_train_precision": 0.9827332284639084,
    "std_train_precision": 0.0012615113341067927,
    "split0_test_recall": 0.9760657309854038,
    "split1_test_recall": 0.9788231156428824,
    "split2_test_recall": 0.9840699969138845,
    "split3_test_recall": 0.9766291572269755,
    "split4_test_recall": 0.9849299779843445,
    "mean_test_recall": 0.980103595750698,
    "std_test_recall": 0.0037159657661778316,
    "rank_test_recall": 6,
    "split0_train_recall": 0.9839465220441586,
    "split1_train_recall": 0.9832352092070186,
    "split2_train_recall": 0.9810376497177764,
    "split3_train_recall": 0.9828945956369466,
    "split4_train_recall": 0.9819988827059297,
    "mean_train_recall": 0.9826225718623659,
    "std_train_recall": 0.0010102605507625484,
    "split0_test_f1_score": 0.9760131603838189,
    "split1_test_f1_score": 0.9765154288297136,
    "split2_test_f1_score": 0.9841659902071742,
    "split3_test_f1_score": 0.9761599178841185,
    "split4_test_f1_score": 0.9841783465138604,
    "mean_test_f1_score": 0.9794065687637372,
    "std_test_f1_score": 0.003894524562971789,
    "rank_test_f1_score": 1,
    "split0_train_f1_score": 0.9844912684895848,
    "split1_train_f1_score": 0.9830303434423829,
    "split2_train_f1_score": 0.9811598654404197,
    "split3_train_f1_score": 0.982465889981299,
    "split4_train_f1_score": 0.9821941306523865,
    "mean_train_f1_score": 0.9826682996012146,
    "std_train_f1_score": 0.0010950315771350004,
    "rank_train_f1_score": 13,
    "rank_train_accuracy": 13,
    "rank_train_recall": 13,
    "rank_train_precision": 13,
    "embedding_generation_time": 7.6225526332855225,
    "embedding_generation_size": 10898048
}