{
    "mean_fit_time": 0.0004428863525390625,
    "std_fit_time": 0.00010532830935704915,
    "mean_score_time": 0.0075947284698486325,
    "std_score_time": 0.0032336588625668417,
    "param_metric": "manhattan",
    "param_n_neighbors": 10,
    "param_weights": "distance",
    "params": {
        "metric": "manhattan",
        "n_neighbors": 10,
        "weights": "distance"
    },
    "split0_test_accuracy": 0.9,
    "split1_test_accuracy": 0.9333333333333333,
    "split2_test_accuracy": 0.7666666666666667,
    "split3_test_accuracy": 0.9,
    "split4_test_accuracy": 0.847457627118644,
    "mean_test_accuracy": 0.8694915254237288,
    "std_test_accuracy": 0.058302237919375624,
    "rank_test_accuracy": 1,
    "split0_train_accuracy": 0.9790794979079498,
    "split1_train_accuracy": 0.9707112970711297,
    "split2_train_accuracy": 0.9916317991631799,
    "split3_train_accuracy": 0.9748953974895398,
    "split4_train_accuracy": 0.9833333333333333,
    "mean_train_accuracy": 0.9799302649930265,
    "std_train_accuracy": 0.007205134849810164,
    "split0_test_precision": 0.9042397660818714,
    "split1_test_precision": 0.9557692307692308,
    "split2_test_precision": 0.7935714285714286,
    "split3_test_precision": 0.9207251082251082,
    "split4_test_precision": 0.8285714285714286,
    "mean_test_precision": 0.8805753924438134,
    "std_test_precision": 0.060166797433562846,
    "rank_test_precision": 2,
    "split0_train_precision": 0.9883177570093458,
    "split1_train_precision": 0.9839449541284404,
    "split2_train_precision": 0.9951923076923077,
    "split3_train_precision": 0.9862385321100917,
    "split4_train_precision": 0.9906542056074766,
    "mean_train_precision": 0.9888695513095325,
    "std_train_precision": 0.0038636934560769675,
    "split0_test_recall": 0.915491452991453,
    "split1_test_recall": 0.9557692307692308,
    "split2_test_recall": 0.8299145299145299,
    "split3_test_recall": 0.895,
    "split4_test_recall": 0.8669444444444444,
    "mean_test_recall": 0.8926239316239316,
    "std_test_recall": 0.042679744992498936,
    "rank_test_recall": 4,
    "split0_train_recall": 0.984375,
    "split1_train_recall": 0.978125,
    "split2_train_recall": 0.99375,
    "split3_train_recall": 0.98125,
    "split4_train_recall": 0.9875,
    "mean_train_recall": 0.985,
    "std_train_recall": 0.005376453291901654,
    "split0_test_f1_score": 0.9069306572081266,
    "split1_test_f1_score": 0.9557692307692308,
    "split2_test_f1_score": 0.8049019607843138,
    "split3_test_f1_score": 0.9043194513577788,
    "split4_test_f1_score": 0.841001400560224,
    "mean_test_f1_score": 0.8825845401359349,
    "std_test_f1_score": 0.05326326943982974,
    "rank_test_f1_score": 1,
    "split0_train_f1_score": 0.9859546226269487,
    "split1_train_f1_score": 0.9802682526407087,
    "split2_train_f1_score": 0.9944082585719553,
    "split3_train_f1_score": 0.983184268561627,
    "split4_train_f1_score": 0.9888278388278389,
    "mean_train_f1_score": 0.9865286482458157,
    "std_train_f1_score": 0.004859659869576095,
    "rank_train_f1_score": 10,
    "rank_train_precision": 9,
    "rank_train_recall": 10,
    "rank_train_accuracy": 9
}