{
    "mean_fit_time": 0.00775599479675293,
    "std_fit_time": 0.000806236346055066,
    "mean_score_time": 0.15480918884277345,
    "std_score_time": 0.039434197365000395,
    "param_metric": "cosine",
    "param_n_neighbors": 8,
    "param_weights": "distance",
    "params": {
        "metric": "cosine",
        "n_neighbors": 8,
        "weights": "distance"
    },
    "split0_test_accuracy": 0.8807692307692307,
    "split1_test_accuracy": 0.8815384615384615,
    "split2_test_accuracy": 0.8830769230769231,
    "split3_test_accuracy": 0.8692307692307693,
    "split4_test_accuracy": 0.8915384615384615,
    "mean_test_accuracy": 0.8812307692307693,
    "std_test_accuracy": 0.007126913736554118,
    "rank_test_accuracy": 1,
    "split0_train_accuracy": 1.0,
    "split1_train_accuracy": 1.0,
    "split2_train_accuracy": 1.0,
    "split3_train_accuracy": 1.0,
    "split4_train_accuracy": 1.0,
    "mean_train_accuracy": 1.0,
    "std_train_accuracy": 0.0,
    "split0_test_precision": 0.8803646902454006,
    "split1_test_precision": 0.8802749305219577,
    "split2_test_precision": 0.8851370979588702,
    "split3_test_precision": 0.8709098894197904,
    "split4_test_precision": 0.8919512667151422,
    "mean_test_precision": 0.8817275749722322,
    "std_test_precision": 0.00688677967179888,
    "rank_test_precision": 1,
    "split0_train_precision": 1.0,
    "split1_train_precision": 1.0,
    "split2_train_precision": 1.0,
    "split3_train_precision": 1.0,
    "split4_train_precision": 1.0,
    "mean_train_precision": 1.0,
    "std_train_precision": 0.0,
    "split0_test_recall": 0.8807692307692307,
    "split1_test_recall": 0.8815384615384615,
    "split2_test_recall": 0.8830769230769231,
    "split3_test_recall": 0.8692307692307691,
    "split4_test_recall": 0.8915384615384615,
    "mean_test_recall": 0.8812307692307693,
    "std_test_recall": 0.0071269137365541566,
    "rank_test_recall": 1,
    "split0_train_recall": 1.0,
    "split1_train_recall": 1.0,
    "split2_train_recall": 1.0,
    "split3_train_recall": 1.0,
    "split4_train_recall": 1.0,
    "mean_train_recall": 1.0,
    "std_train_recall": 0.0,
    "split0_test_f1_score": 0.8791318066063211,
    "split1_test_f1_score": 0.8797809895527001,
    "split2_test_f1_score": 0.8824375884784389,
    "split3_test_f1_score": 0.8685769380928451,
    "split4_test_f1_score": 0.890719866799119,
    "mean_test_f1_score": 0.8801294379058848,
    "std_test_f1_score": 0.007100164499548159,
    "rank_test_f1_score": 1,
    "split0_train_f1_score": 1.0,
    "split1_train_f1_score": 1.0,
    "split2_train_f1_score": 1.0,
    "split3_train_f1_score": 1.0,
    "split4_train_f1_score": 1.0,
    "mean_train_f1_score": 1.0,
    "std_train_f1_score": 0.0,
    "rank_train_f1_score": 1,
    "rank_train_precision": 1,
    "rank_train_recall": 1,
    "rank_train_accuracy": 1
}