{
    "mean_fit_time": 0.01093587875366211,
    "std_fit_time": 0.0006091646970610455,
    "mean_score_time": 0.3880624294281006,
    "std_score_time": 0.04250395192827525,
    "param_metric": "cosine",
    "param_n_neighbors": 8,
    "param_weights": "distance",
    "params": {
        "metric": "cosine",
        "n_neighbors": 8,
        "weights": "distance"
    },
    "split0_test_accuracy": 0.8750593824228029,
    "split1_test_accuracy": 0.8703087885985749,
    "split2_test_accuracy": 0.8669833729216152,
    "split3_test_accuracy": 0.8760095011876484,
    "split4_test_accuracy": 0.872148288973384,
    "mean_test_accuracy": 0.8721018668208051,
    "std_test_accuracy": 0.0032690294952577603,
    "rank_test_accuracy": 1,
    "split0_train_accuracy": 1.0,
    "split1_train_accuracy": 1.0,
    "split2_train_accuracy": 1.0,
    "split3_train_accuracy": 1.0,
    "split4_train_accuracy": 1.0,
    "mean_train_accuracy": 1.0,
    "std_train_accuracy": 0.0,
    "split0_test_precision": 0.8868760394041727,
    "split1_test_precision": 0.8895794551645597,
    "split2_test_precision": 0.8668897681760632,
    "split3_test_precision": 0.8840551866800254,
    "split4_test_precision": 0.8834226173255433,
    "mean_test_precision": 0.8821646133500728,
    "std_test_precision": 0.007945503775158704,
    "rank_test_precision": 1,
    "split0_train_precision": 1.0,
    "split1_train_precision": 1.0,
    "split2_train_precision": 1.0,
    "split3_train_precision": 1.0,
    "split4_train_precision": 1.0,
    "mean_train_precision": 1.0,
    "std_train_precision": 0.0,
    "split0_test_recall": 0.8631328179978061,
    "split1_test_recall": 0.8660898069733829,
    "split2_test_recall": 0.8531666167610441,
    "split3_test_recall": 0.8833830885831793,
    "split4_test_recall": 0.8702645142551708,
    "mean_test_recall": 0.8672073689141166,
    "std_test_recall": 0.0098589418837259,
    "rank_test_recall": 1,
    "split0_train_recall": 1.0,
    "split1_train_recall": 1.0,
    "split2_train_recall": 1.0,
    "split3_train_recall": 1.0,
    "split4_train_recall": 1.0,
    "mean_train_recall": 1.0,
    "std_train_recall": 0.0,
    "split0_test_f1_score": 0.8728870354914164,
    "split1_test_f1_score": 0.8762004724571641,
    "split2_test_f1_score": 0.8584936921261566,
    "split3_test_f1_score": 0.8832407307765185,
    "split4_test_f1_score": 0.8753537807850417,
    "mean_test_f1_score": 0.8732351423272595,
    "std_test_f1_score": 0.008134188887784922,
    "rank_test_f1_score": 1,
    "split0_train_f1_score": 1.0,
    "split1_train_f1_score": 1.0,
    "split2_train_f1_score": 1.0,
    "split3_train_f1_score": 1.0,
    "split4_train_f1_score": 1.0,
    "mean_train_f1_score": 1.0,
    "std_train_f1_score": 0.0,
    "rank_train_f1_score": 1,
    "rank_train_precision": 1,
    "rank_train_recall": 1,
    "rank_train_accuracy": 1
}