{
    "mean_fit_time": 0.01563725471496582,
    "std_fit_time": 0.00039654428876717096,
    "mean_score_time": 0.008962011337280274,
    "std_score_time": 0.0004938982424731839,
    "param_metric": "euclidean",
    "param_n_neighbors": 8,
    "param_weights": "distance",
    "params": {
        "metric": "euclidean",
        "n_neighbors": 8,
        "weights": "distance"
    },
    "split0_test_accuracy": 0.9333333333333333,
    "split1_test_accuracy": 0.9333333333333333,
    "split2_test_accuracy": 0.7333333333333333,
    "split3_test_accuracy": 0.9333333333333333,
    "split4_test_accuracy": 0.847457627118644,
    "mean_test_accuracy": 0.8761581920903954,
    "std_test_accuracy": 0.07877772913345774,
    "rank_test_accuracy": 1,
    "split0_train_accuracy": 0.9790794979079498,
    "split1_train_accuracy": 0.9707112970711297,
    "split2_train_accuracy": 0.9916317991631799,
    "split3_train_accuracy": 0.9748953974895398,
    "split4_train_accuracy": 0.9833333333333333,
    "mean_train_accuracy": 0.9799302649930265,
    "std_train_accuracy": 0.007205134849810164,
    "split0_test_precision": 0.9569746376811594,
    "split1_test_precision": 0.9557692307692308,
    "split2_test_precision": 0.7993659420289855,
    "split3_test_precision": 0.9356060606060607,
    "split4_test_precision": 0.8689064558629777,
    "mean_test_precision": 0.9033244653896828,
    "std_test_precision": 0.0610947947888395,
    "rank_test_precision": 1,
    "split0_train_precision": 0.9863893326778911,
    "split1_train_precision": 0.9816017316017316,
    "split2_train_precision": 0.9951923076923077,
    "split3_train_precision": 0.9833434466019417,
    "split4_train_precision": 0.9906542056074766,
    "mean_train_precision": 0.9874362048362698,
    "std_train_precision": 0.004947733818267081,
    "split0_test_recall": 0.9433760683760684,
    "split1_test_recall": 0.9557692307692308,
    "split2_test_recall": 0.7954059829059829,
    "split3_test_recall": 0.9199999999999999,
    "split4_test_recall": 0.8847222222222222,
    "mean_test_recall": 0.8998547008547009,
    "std_test_recall": 0.05755849851210447,
    "rank_test_recall": 1,
    "split0_train_recall": 0.9857230392156863,
    "split1_train_recall": 0.9794730392156863,
    "split2_train_recall": 0.99375,
    "split3_train_recall": 0.9833434466019417,
    "split4_train_recall": 0.9875,
    "mean_train_recall": 0.9859579050066628,
    "std_train_recall": 0.004733684407951841,
    "split0_test_f1_score": 0.9478522571819425,
    "split1_test_f1_score": 0.9557692307692308,
    "split2_test_f1_score": 0.7899466604823747,
    "split3_test_f1_score": 0.9216327407816769,
    "split4_test_f1_score": 0.8732811306340718,
    "mean_test_f1_score": 0.8976964039698594,
    "std_test_f1_score": 0.061101757482989905,
    "rank_test_f1_score": 1,
    "split0_train_f1_score": 0.9860408038042645,
    "split1_train_f1_score": 0.9803993969045202,
    "split2_train_f1_score": 0.9944082585719553,
    "split3_train_f1_score": 0.9833434466019417,
    "split4_train_f1_score": 0.9888278388278389,
    "mean_train_f1_score": 0.9866039489421041,
    "std_train_f1_score": 0.004802028924653088,
    "rank_train_f1_score": 8,
    "rank_train_accuracy": 1,
    "rank_train_recall": 8,
    "rank_train_precision": 3,
    "embedding_generation_time": 23.306697368621826,
    "embedding_generation_size": 2520,
    "system_prompt": "You are an intelligent assistant that follows the user\u2019s instructions closely. Respond to the user's queries in a clear, concise, and helpful manner. Ensure that all answers are accurate, relevant, and tailored to the user's needs. Stay focused on providing valuable information and completing tasks as requested by the user.",
    "user_prompt": ""
}