{
    "mean_fit_time": 0.006191349029541016,
    "std_fit_time": 0.00047959829090509485,
    "mean_score_time": 0.12495803833007812,
    "std_score_time": 0.02887945478344163,
    "param_metric": "cosine",
    "param_n_neighbors": 11,
    "param_weights": "distance",
    "params": {
        "metric": "cosine",
        "n_neighbors": 11,
        "weights": "distance"
    },
    "split0_test_accuracy": 0.82,
    "split1_test_accuracy": 0.815,
    "split2_test_accuracy": 0.8375,
    "split3_test_accuracy": 0.8166666666666667,
    "split4_test_accuracy": 0.8316666666666667,
    "mean_test_accuracy": 0.8241666666666667,
    "std_test_accuracy": 0.00885061203156786,
    "rank_test_accuracy": 1,
    "split0_train_accuracy": 1.0,
    "split1_train_accuracy": 1.0,
    "split2_train_accuracy": 1.0,
    "split3_train_accuracy": 1.0,
    "split4_train_accuracy": 1.0,
    "mean_train_accuracy": 1.0,
    "std_train_accuracy": 0.0,
    "split0_test_precision": 0.8248408785528477,
    "split1_test_precision": 0.8188434075894349,
    "split2_test_precision": 0.8403108259168532,
    "split3_test_precision": 0.8191081972229618,
    "split4_test_precision": 0.8390692607154745,
    "mean_test_precision": 0.8284345139995144,
    "std_test_precision": 0.009444875276891309,
    "rank_test_precision": 2,
    "split0_train_precision": 1.0,
    "split1_train_precision": 1.0,
    "split2_train_precision": 1.0,
    "split3_train_precision": 1.0,
    "split4_train_precision": 1.0,
    "mean_train_precision": 1.0,
    "std_train_precision": 0.0,
    "split0_test_recall": 0.8200000000000002,
    "split1_test_recall": 0.8150000000000001,
    "split2_test_recall": 0.8374999999999999,
    "split3_test_recall": 0.8166666666666668,
    "split4_test_recall": 0.8316666666666667,
    "mean_test_recall": 0.8241666666666667,
    "std_test_recall": 0.008850612031567765,
    "rank_test_recall": 1,
    "split0_train_recall": 1.0,
    "split1_train_recall": 1.0,
    "split2_train_recall": 1.0,
    "split3_train_recall": 1.0,
    "split4_train_recall": 1.0,
    "mean_train_recall": 1.0,
    "std_train_recall": 0.0,
    "split0_test_f1_score": 0.8179079260811829,
    "split1_test_f1_score": 0.8115530306828731,
    "split2_test_f1_score": 0.8365483308110258,
    "split3_test_f1_score": 0.8145392029217398,
    "split4_test_f1_score": 0.8302597543207987,
    "mean_test_f1_score": 0.822161648963524,
    "std_test_f1_score": 0.009605150168560431,
    "rank_test_f1_score": 1,
    "split0_train_f1_score": 1.0,
    "split1_train_f1_score": 1.0,
    "split2_train_f1_score": 1.0,
    "split3_train_f1_score": 1.0,
    "split4_train_f1_score": 1.0,
    "mean_train_f1_score": 1.0,
    "std_train_f1_score": 0.0,
    "rank_train_f1_score": 1,
    "rank_train_precision": 1,
    "rank_train_recall": 1,
    "rank_train_accuracy": 1
}