{
    "mean_fit_time": 0.0061108112335205075,
    "std_fit_time": 0.0007107536181860861,
    "mean_score_time": 0.12108635902404785,
    "std_score_time": 0.03200265834660723,
    "param_metric": "cosine",
    "param_n_neighbors": 10,
    "param_weights": "distance",
    "params": {
        "metric": "cosine",
        "n_neighbors": 10,
        "weights": "distance"
    },
    "split0_test_accuracy": 0.8241666666666667,
    "split1_test_accuracy": 0.8158333333333333,
    "split2_test_accuracy": 0.8358333333333333,
    "split3_test_accuracy": 0.8141666666666667,
    "split4_test_accuracy": 0.8316666666666667,
    "mean_test_accuracy": 0.8243333333333334,
    "std_test_accuracy": 0.008504900548115375,
    "rank_test_accuracy": 1,
    "split0_train_accuracy": 1.0,
    "split1_train_accuracy": 1.0,
    "split2_train_accuracy": 1.0,
    "split3_train_accuracy": 1.0,
    "split4_train_accuracy": 1.0,
    "mean_train_accuracy": 1.0,
    "std_train_accuracy": 0.0,
    "split0_test_precision": 0.8287674079444972,
    "split1_test_precision": 0.8198004932951805,
    "split2_test_precision": 0.8383708718668227,
    "split3_test_precision": 0.8167258484904957,
    "split4_test_precision": 0.8386152985260346,
    "mean_test_precision": 0.8284559840246061,
    "std_test_precision": 0.009100848931130794,
    "rank_test_precision": 2,
    "split0_train_precision": 1.0,
    "split1_train_precision": 1.0,
    "split2_train_precision": 1.0,
    "split3_train_precision": 1.0,
    "split4_train_precision": 1.0,
    "mean_train_precision": 1.0,
    "std_train_precision": 0.0,
    "split0_test_recall": 0.8241666666666666,
    "split1_test_recall": 0.8158333333333334,
    "split2_test_recall": 0.8358333333333333,
    "split3_test_recall": 0.8141666666666666,
    "split4_test_recall": 0.8316666666666666,
    "mean_test_recall": 0.8243333333333333,
    "std_test_recall": 0.008504900548115361,
    "rank_test_recall": 1,
    "split0_train_recall": 1.0,
    "split1_train_recall": 1.0,
    "split2_train_recall": 1.0,
    "split3_train_recall": 1.0,
    "split4_train_recall": 1.0,
    "mean_train_recall": 1.0,
    "std_train_recall": 0.0,
    "split0_test_f1_score": 0.8219723864774169,
    "split1_test_f1_score": 0.8127377083567859,
    "split2_test_f1_score": 0.8349730935831783,
    "split3_test_f1_score": 0.8116771008643938,
    "split4_test_f1_score": 0.8305491234976956,
    "mean_test_f1_score": 0.822381882555894,
    "std_test_f1_score": 0.009306046999867913,
    "rank_test_f1_score": 1,
    "split0_train_f1_score": 1.0,
    "split1_train_f1_score": 1.0,
    "split2_train_f1_score": 1.0,
    "split3_train_f1_score": 1.0,
    "split4_train_f1_score": 1.0,
    "mean_train_f1_score": 1.0,
    "std_train_f1_score": 0.0,
    "rank_train_accuracy": 1,
    "rank_train_f1_score": 1,
    "rank_train_recall": 1,
    "rank_train_precision": 1,
    "embedding_generation_time": 3.9782581329345703,
    "embedding_generation_size": 18432128
}