{
    "mean_fit_time": 0.009618997573852539,
    "std_fit_time": 0.000553113365711065,
    "mean_score_time": 0.2362685203552246,
    "std_score_time": 0.0198386085465875,
    "param_metric": "cosine",
    "param_n_neighbors": 8,
    "param_weights": "distance",
    "params": {
        "metric": "cosine",
        "n_neighbors": 8,
        "weights": "distance"
    },
    "split0_test_accuracy": 0.7919501133786848,
    "split1_test_accuracy": 0.7777777777777778,
    "split2_test_accuracy": 0.8037436188315371,
    "split3_test_accuracy": 0.7782189449801474,
    "split4_test_accuracy": 0.7612024957458877,
    "mean_test_accuracy": 0.782578590142807,
    "std_test_accuracy": 0.014385934826280068,
    "rank_test_accuracy": 1,
    "split0_train_accuracy": 0.9994328654473273,
    "split1_train_accuracy": 0.9995746490854955,
    "split2_train_accuracy": 0.9991494187694925,
    "split3_train_accuracy": 0.9994329458463284,
    "split4_train_accuracy": 0.9991494187694925,
    "mean_train_accuracy": 0.9993478595836273,
    "std_train_accuracy": 0.00017009212830136882,
    "split0_test_precision": 0.8195679124594991,
    "split1_test_precision": 0.7897434320486133,
    "split2_test_precision": 0.8106418195298829,
    "split3_test_precision": 0.7904734351226478,
    "split4_test_precision": 0.7830707438654035,
    "mean_test_precision": 0.7986994686052092,
    "std_test_precision": 0.013930161155992578,
    "rank_test_precision": 7,
    "split0_train_precision": 0.9998251748251747,
    "split1_train_precision": 0.9997940899425161,
    "split2_train_precision": 0.9996630973193473,
    "split3_train_precision": 0.9998251748251747,
    "split4_train_precision": 0.9996630973193473,
    "mean_train_precision": 0.999754126846312,
    "std_train_precision": 7.51870058161669e-05,
    "split0_test_recall": 0.7540974980750285,
    "split1_test_recall": 0.729093164058439,
    "split2_test_recall": 0.7555507900137872,
    "split3_test_recall": 0.7490022823442026,
    "split4_test_recall": 0.7199249552411895,
    "mean_test_recall": 0.7415337379465294,
    "std_test_recall": 0.014365321725003783,
    "rank_test_recall": 1,
    "split0_train_recall": 0.9991912034964755,
    "split1_train_recall": 0.9994970726710086,
    "split2_train_recall": 0.9989180030106244,
    "split3_train_recall": 0.9991913619282293,
    "split4_train_recall": 0.9989180030106244,
    "mean_train_recall": 0.9991431288233924,
    "std_train_recall": 0.00021507074045929572,
    "split0_test_f1_score": 0.780367096276445,
    "split1_test_f1_score": 0.7536667376923515,
    "split2_test_f1_score": 0.77955574378014,
    "split3_test_f1_score": 0.7674430611436308,
    "split4_test_f1_score": 0.7459551231650277,
    "mean_test_f1_score": 0.765397552411519,
    "std_test_f1_score": 0.013742967665739757,
    "rank_test_f1_score": 1,
    "split0_train_f1_score": 0.9995067560173507,
    "split1_train_f1_score": 0.9996449562964359,
    "split2_train_f1_score": 0.999288057291088,
    "split3_train_f1_score": 0.9995068353379067,
    "split4_train_f1_score": 0.999288057291088,
    "mean_train_f1_score": 0.9994469324467739,
    "std_train_f1_score": 0.0001391856969562607,
    "rank_train_f1_score": 1,
    "rank_train_precision": 1,
    "rank_train_recall": 4,
    "rank_train_accuracy": 4
}