{
    "mean_fit_time": 0.014393091201782227,
    "std_fit_time": 0.004368096240858247,
    "mean_score_time": 0.4128448963165283,
    "std_score_time": 0.07391465169282121,
    "param_metric": "cosine",
    "param_n_neighbors": 8,
    "param_weights": "distance",
    "params": {
        "metric": "cosine",
        "n_neighbors": 8,
        "weights": "distance"
    },
    "split0_test_accuracy": 0.7919501133786848,
    "split1_test_accuracy": 0.7772108843537415,
    "split2_test_accuracy": 0.8037436188315371,
    "split3_test_accuracy": 0.7782189449801474,
    "split4_test_accuracy": 0.7606352807714124,
    "mean_test_accuracy": 0.7823517684631047,
    "std_test_accuracy": 0.014593520783789313,
    "rank_test_accuracy": 1,
    "split0_train_accuracy": 0.9994328654473273,
    "split1_train_accuracy": 0.9991492981709911,
    "split2_train_accuracy": 0.9988658916926566,
    "split3_train_accuracy": 0.9992911823079104,
    "split4_train_accuracy": 0.9987241281542387,
    "mean_train_accuracy": 0.9990926731546248,
    "std_train_accuracy": 0.0002629061890609855,
    "split0_test_precision": 0.8195679124594991,
    "split1_test_precision": 0.789355049665838,
    "split2_test_precision": 0.8106418195298829,
    "split3_test_precision": 0.7898428930189177,
    "split4_test_precision": 0.7826461340768369,
    "mean_test_precision": 0.7984107617501949,
    "std_test_precision": 0.014150346866257707,
    "rank_test_precision": 6,
    "split0_train_precision": 0.9998251748251747,
    "split1_train_precision": 0.9995882641380114,
    "split2_train_precision": 0.9995758242961876,
    "split3_train_precision": 0.9997815735441876,
    "split4_train_precision": 0.9994574605376204,
    "mean_train_precision": 0.9996456594682364,
    "std_train_precision": 0.00013732327704369423,
    "split0_test_recall": 0.7540974980750285,
    "split1_test_recall": 0.728918002033566,
    "split2_test_recall": 0.7555507900137872,
    "split3_test_recall": 0.7490022823442026,
    "split4_test_recall": 0.7197497932163164,
    "mean_test_recall": 0.7414636731365801,
    "std_test_recall": 0.01444837338865063,
    "rank_test_recall": 1,
    "split0_train_recall": 0.9991912034964755,
    "split1_train_recall": 0.9990135230857548,
    "split2_train_recall": 0.9984782439315889,
    "split3_train_recall": 0.9990729907161081,
    "split4_train_recall": 0.9984355845293732,
    "mean_train_recall": 0.9988383091518601,
    "std_train_recall": 0.00031690498957776805,
    "split0_test_f1_score": 0.780367096276445,
    "split1_test_f1_score": 0.7533878221926552,
    "split2_test_f1_score": 0.77955574378014,
    "split3_test_f1_score": 0.7671633255258417,
    "split4_test_f1_score": 0.7456610979408042,
    "mean_test_f1_score": 0.7652270171431772,
    "std_test_f1_score": 0.013865607989997773,
    "rank_test_f1_score": 1,
    "split0_train_f1_score": 0.9995067560173507,
    "split1_train_f1_score": 0.9992999685984849,
    "split2_train_f1_score": 0.9990241906789269,
    "split3_train_f1_score": 0.9994257633047848,
    "split4_train_f1_score": 0.998943700289448,
    "mean_train_f1_score": 0.9992400757777992,
    "std_train_f1_score": 0.00022073973988636576,
    "rank_train_accuracy": 4,
    "rank_train_f1_score": 4,
    "rank_train_recall": 4,
    "rank_train_precision": 1,
    "embedding_generation_time": 22.80685043334961,
    "embedding_generation_size": 27085952
}