{
    "mean_fit_time": 0.009628582000732421,
    "std_fit_time": 0.004415296301605277,
    "mean_score_time": 0.18712377548217773,
    "std_score_time": 0.07648193635368146,
    "param_metric": "cosine",
    "param_n_neighbors": 4,
    "param_weights": "distance",
    "params": {
        "metric": "cosine",
        "n_neighbors": 4,
        "weights": "distance"
    },
    "split0_test_accuracy": 0.876984126984127,
    "split1_test_accuracy": 0.840702947845805,
    "split2_test_accuracy": 0.8729438457175269,
    "split3_test_accuracy": 0.8581962563811685,
    "split4_test_accuracy": 0.8491208167895632,
    "mean_test_accuracy": 0.859589598743638,
    "std_test_accuracy": 0.013777865622994151,
    "rank_test_accuracy": 1,
    "split0_train_accuracy": 0.9994328654473273,
    "split1_train_accuracy": 0.9991492981709911,
    "split2_train_accuracy": 0.9987241281542387,
    "split3_train_accuracy": 0.9988658916926566,
    "split4_train_accuracy": 0.9988658916926566,
    "mean_train_accuracy": 0.9990076150315741,
    "std_train_accuracy": 0.0002535538788118092,
    "split0_test_precision": 0.8908971314207701,
    "split1_test_precision": 0.8379273047399839,
    "split2_test_precision": 0.8914303929299727,
    "split3_test_precision": 0.8533608520098516,
    "split4_test_precision": 0.8493486260618757,
    "mean_test_precision": 0.8645928614324909,
    "std_test_precision": 0.022278978333491396,
    "rank_test_precision": 6,
    "split0_train_precision": 0.999302470046489,
    "split1_train_precision": 0.9995885719955203,
    "split2_train_precision": 0.9988675989977008,
    "split3_train_precision": 0.9989112631041582,
    "split4_train_precision": 0.9985861393921184,
    "mean_train_precision": 0.9990512087071973,
    "std_train_precision": 0.000352555904593667,
    "split0_test_recall": 0.8546278927261965,
    "split1_test_recall": 0.8244269225592383,
    "split2_test_recall": 0.8492007967124955,
    "split3_test_recall": 0.8446378778576332,
    "split4_test_recall": 0.8112713112545528,
    "mean_test_recall": 0.8368329602220232,
    "std_test_recall": 0.016357551222651995,
    "rank_test_recall": 1,
    "split0_train_recall": 0.9996390600699587,
    "split1_train_recall": 0.9989070261257588,
    "split2_train_recall": 0.9986247772396752,
    "split3_train_recall": 0.9989461651065897,
    "split4_train_recall": 0.9992972216923011,
    "mean_train_recall": 0.9990828500468567,
    "std_train_recall": 0.00035064292748459067,
    "split0_test_f1_score": 0.8708914211009504,
    "split1_test_f1_score": 0.8301151471156669,
    "split2_test_f1_score": 0.8684085607234742,
    "split3_test_f1_score": 0.8486874989642323,
    "split4_test_f1_score": 0.8279403112214889,
    "mean_test_f1_score": 0.8492085878251625,
    "std_test_f1_score": 0.018198652804973757,
    "rank_test_f1_score": 1,
    "split0_train_f1_score": 0.9994704155312303,
    "split1_train_f1_score": 0.9992466192064685,
    "split2_train_f1_score": 0.9987450927031118,
    "split3_train_f1_score": 0.9989279188387097,
    "split4_train_f1_score": 0.9989375172093697,
    "mean_train_f1_score": 0.999065512697778,
    "std_train_f1_score": 0.0002587391582717202,
    "rank_train_accuracy": 15,
    "rank_train_f1_score": 15,
    "rank_train_recall": 15,
    "rank_train_precision": 4,
    "embedding_generation_time": 10.41805386543274,
    "embedding_generation_size": 13543040
}