{
    "mean_fit_time": 0.007136297225952148,
    "std_fit_time": 0.000667383991736386,
    "mean_score_time": 0.1909304141998291,
    "std_score_time": 0.03923182213043773,
    "param_metric": "cosine",
    "param_n_neighbors": 4,
    "param_weights": "distance",
    "params": {
        "metric": "cosine",
        "n_neighbors": 4,
        "weights": "distance"
    },
    "split0_test_accuracy": 0.876984126984127,
    "split1_test_accuracy": 0.8412698412698413,
    "split2_test_accuracy": 0.8729438457175269,
    "split3_test_accuracy": 0.8593306863301191,
    "split4_test_accuracy": 0.8496880317640386,
    "mean_test_accuracy": 0.8600433064131308,
    "std_test_accuracy": 0.013517380292720227,
    "rank_test_accuracy": 1,
    "split0_train_accuracy": 1.0,
    "split1_train_accuracy": 0.9997164327236637,
    "split2_train_accuracy": 0.9995747093847462,
    "split3_train_accuracy": 0.9995747093847462,
    "split4_train_accuracy": 0.9995747093847462,
    "mean_train_accuracy": 0.9996881121755805,
    "std_train_accuracy": 0.00016532189653633889,
    "split0_test_precision": 0.8904424136823269,
    "split1_test_precision": 0.8383779890052846,
    "split2_test_precision": 0.8914303929299727,
    "split3_test_precision": 0.8545263077551645,
    "split4_test_precision": 0.8507235356415547,
    "mean_test_precision": 0.8651001278028607,
    "std_test_precision": 0.021762716235576456,
    "rank_test_precision": 6,
    "split0_train_precision": 1.0,
    "split1_train_precision": 0.999912503281127,
    "split2_train_precision": 0.9997927284577948,
    "split3_train_precision": 0.9997927284577948,
    "split4_train_precision": 0.999716975044021,
    "mean_train_precision": 0.9998429870481476,
    "std_train_precision": 0.00010041558712626133,
    "split0_test_recall": 0.8546278927261965,
    "split1_test_recall": 0.8246020845841113,
    "split2_test_recall": 0.8492007967124955,
    "split3_test_recall": 0.8449882019073793,
    "split4_test_recall": 0.8114464732794258,
    "mean_test_recall": 0.8369730898419216,
    "std_test_recall": 0.01631012462144042,
    "rank_test_recall": 1,
    "split0_train_recall": 1.0,
    "split1_train_recall": 0.9996564519554955,
    "split2_train_recall": 0.9994268835441088,
    "split3_train_recall": 0.9994270378742418,
    "split4_train_recall": 0.9996081155401408,
    "mean_train_recall": 0.9996236977827972,
    "std_train_recall": 0.00020991901532286272,
    "split0_test_f1_score": 0.8706989314704251,
    "split1_test_f1_score": 0.8304136597618309,
    "split2_test_f1_score": 0.8684085607234742,
    "split3_test_f1_score": 0.849452611165454,
    "split4_test_f1_score": 0.8287128685392873,
    "mean_test_f1_score": 0.8495373263320942,
    "std_test_f1_score": 0.01790707604049023,
    "rank_test_f1_score": 1,
    "split0_train_f1_score": 1.0,
    "split1_train_f1_score": 0.9997842784778829,
    "split2_train_f1_score": 0.9996094222702184,
    "split3_train_f1_score": 0.9996094995359243,
    "split4_train_f1_score": 0.999662203922816,
    "mean_train_f1_score": 0.9997330808413682,
    "std_train_f1_score": 0.00014795563800469393,
    "rank_train_f1_score": 1,
    "rank_train_precision": 1,
    "rank_train_recall": 1,
    "rank_train_accuracy": 1
}