{
    "mean_fit_time": 0.00059051513671875,
    "std_fit_time": 5.064751414625331e-05,
    "mean_score_time": 0.006649637222290039,
    "std_score_time": 0.0014724117365691976,
    "param_metric": "cosine",
    "param_n_neighbors": 5,
    "param_weights": "uniform",
    "params": {
        "metric": "cosine",
        "n_neighbors": 5,
        "weights": "uniform"
    },
    "split0_test_accuracy": 0.9333333333333333,
    "split1_test_accuracy": 0.9333333333333333,
    "split2_test_accuracy": 0.8,
    "split3_test_accuracy": 0.9333333333333333,
    "split4_test_accuracy": 0.864406779661017,
    "mean_test_accuracy": 0.8928813559322035,
    "std_test_accuracy": 0.05356647309766221,
    "rank_test_accuracy": 1,
    "split0_train_accuracy": 0.9330543933054394,
    "split1_train_accuracy": 0.9163179916317992,
    "split2_train_accuracy": 0.9414225941422594,
    "split3_train_accuracy": 0.9246861924686193,
    "split4_train_accuracy": 0.9375,
    "mean_train_accuracy": 0.9305962343096233,
    "std_train_accuracy": 0.009052197546577366,
    "split0_test_precision": 0.9245238095238095,
    "split1_test_precision": 0.9557692307692308,
    "split2_test_precision": 0.838768115942029,
    "split3_test_precision": 0.9550395256916996,
    "split4_test_precision": 0.8613777526821005,
    "mean_test_precision": 0.9070956869217739,
    "std_test_precision": 0.04843604333806323,
    "rank_test_precision": 1,
    "split0_train_precision": 0.9307609353218128,
    "split1_train_precision": 0.913768656246854,
    "split2_train_precision": 0.9430536862811071,
    "split3_train_precision": 0.9253654422788605,
    "split4_train_precision": 0.9405980574047801,
    "mean_train_precision": 0.9307093555066828,
    "std_train_precision": 0.010636881948894781,
    "split0_test_recall": 0.940491452991453,
    "split1_test_recall": 0.9557692307692308,
    "split2_test_recall": 0.8549145299145299,
    "split3_test_recall": 0.9575,
    "split4_test_recall": 0.8794444444444445,
    "mean_test_recall": 0.9176239316239316,
    "std_test_recall": 0.042327840751805505,
    "rank_test_recall": 1,
    "split0_train_recall": 0.945844925808161,
    "split1_train_recall": 0.9246439454160041,
    "split2_train_recall": 0.9486354001059882,
    "split3_train_recall": 0.939967637540453,
    "split4_train_recall": 0.9521418262923117,
    "mean_train_recall": 0.9422467470325836,
    "std_train_recall": 0.009661545807782643,
    "split0_test_f1_score": 0.9295682796400158,
    "split1_test_f1_score": 0.9557692307692308,
    "split2_test_f1_score": 0.8424909075681013,
    "split3_test_f1_score": 0.9553571428571428,
    "split4_test_f1_score": 0.8601190476190477,
    "mean_test_f1_score": 0.9086609216907077,
    "std_test_f1_score": 0.04810744595020112,
    "rank_test_f1_score": 1,
    "split0_train_f1_score": 0.9360362194799482,
    "split1_train_f1_score": 0.9180031815573984,
    "split2_train_f1_score": 0.9456288343558281,
    "split3_train_f1_score": 0.9303892633916055,
    "split4_train_f1_score": 0.9452846697249682,
    "mean_train_f1_score": 0.9350684337019496,
    "std_train_f1_score": 0.010295121323334393,
    "rank_train_f1_score": 8,
    "rank_train_precision": 8,
    "rank_train_recall": 8,
    "rank_train_accuracy": 8
}