{
    "mean_fit_time": 0.0003838539123535156,
    "std_fit_time": 2.8706230587476328e-05,
    "mean_score_time": 0.01567807197570801,
    "std_score_time": 0.0002332163012559813,
    "param_metric": "cosine",
    "param_n_neighbors": 5,
    "param_weights": "uniform",
    "params": {
        "metric": "cosine",
        "n_neighbors": 5,
        "weights": "uniform"
    },
    "split0_test_accuracy": 0.9333333333333333,
    "split1_test_accuracy": 0.9333333333333333,
    "split2_test_accuracy": 0.8,
    "split3_test_accuracy": 0.9333333333333333,
    "split4_test_accuracy": 0.864406779661017,
    "mean_test_accuracy": 0.8928813559322035,
    "std_test_accuracy": 0.05356647309766221,
    "rank_test_accuracy": 1,
    "split0_train_accuracy": 0.9330543933054394,
    "split1_train_accuracy": 0.9205020920502092,
    "split2_train_accuracy": 0.9414225941422594,
    "split3_train_accuracy": 0.9246861924686193,
    "split4_train_accuracy": 0.9416666666666667,
    "mean_train_accuracy": 0.9322663877266388,
    "std_train_accuracy": 0.008586970662348464,
    "split0_test_precision": 0.9245238095238095,
    "split1_test_precision": 0.9557692307692308,
    "split2_test_precision": 0.838768115942029,
    "split3_test_precision": 0.9550395256916996,
    "split4_test_precision": 0.8613777526821005,
    "mean_test_precision": 0.9070956869217739,
    "std_test_precision": 0.04843604333806323,
    "rank_test_precision": 1,
    "split0_train_precision": 0.9307609353218128,
    "split1_train_precision": 0.9164678711222071,
    "split2_train_precision": 0.9430536862811071,
    "split3_train_precision": 0.9253654422788605,
    "split4_train_precision": 0.9433621933621934,
    "mean_train_precision": 0.931802025673236,
    "std_train_precision": 0.01037195366494616,
    "split0_test_recall": 0.940491452991453,
    "split1_test_recall": 0.9557692307692308,
    "split2_test_recall": 0.8549145299145299,
    "split3_test_recall": 0.9575,
    "split4_test_recall": 0.8794444444444445,
    "mean_test_recall": 0.9176239316239316,
    "std_test_recall": 0.042327840751805505,
    "rank_test_recall": 1,
    "split0_train_recall": 0.945844925808161,
    "split1_train_recall": 0.927094925808161,
    "split2_train_recall": 0.9486354001059882,
    "split3_train_recall": 0.939967637540453,
    "split4_train_recall": 0.9545690107583312,
    "mean_train_recall": 0.943222380004219,
    "std_train_recall": 0.00933394546735182,
    "split0_test_f1_score": 0.9295682796400158,
    "split1_test_f1_score": 0.9557692307692308,
    "split2_test_f1_score": 0.8424909075681013,
    "split3_test_f1_score": 0.9553571428571428,
    "split4_test_f1_score": 0.8601190476190477,
    "mean_test_f1_score": 0.9086609216907077,
    "std_test_f1_score": 0.04810744595020112,
    "rank_test_f1_score": 1,
    "split0_train_f1_score": 0.9360362194799482,
    "split1_train_f1_score": 0.920730093468787,
    "split2_train_f1_score": 0.9456288343558281,
    "split3_train_f1_score": 0.9303892633916055,
    "split4_train_f1_score": 0.9480066255754496,
    "mean_train_f1_score": 0.9361582072543237,
    "std_train_f1_score": 0.010013991049485712,
    "rank_train_f1_score": 8,
    "rank_train_accuracy": 8,
    "rank_train_recall": 8,
    "rank_train_precision": 8,
    "embedding_generation_time": 2.0110955238342285,
    "embedding_generation_size": 918656
}