{
    "mean_fit_time": 0.016680145263671876,
    "std_fit_time": 0.0006046830380755613,
    "mean_score_time": 0.5108197689056396,
    "std_score_time": 0.08245193242023606,
    "param_metric": "euclidean",
    "param_n_neighbors": 13,
    "param_weights": "distance",
    "params": {
        "metric": "euclidean",
        "n_neighbors": 13,
        "weights": "distance"
    },
    "split0_test_accuracy": 0.8633333333333333,
    "split1_test_accuracy": 0.8511111111111112,
    "split2_test_accuracy": 0.8651851851851852,
    "split3_test_accuracy": 0.8588888888888889,
    "split4_test_accuracy": 0.8677777777777778,
    "mean_test_accuracy": 0.8612592592592593,
    "std_test_accuracy": 0.005844815272467784,
    "rank_test_accuracy": 1,
    "split0_train_accuracy": 1.0,
    "split1_train_accuracy": 1.0,
    "split2_train_accuracy": 1.0,
    "split3_train_accuracy": 1.0,
    "split4_train_accuracy": 1.0,
    "mean_train_accuracy": 1.0,
    "std_train_accuracy": 0.0,
    "split0_test_precision": 0.8667573735582864,
    "split1_test_precision": 0.8540374460501089,
    "split2_test_precision": 0.8702879408017701,
    "split3_test_precision": 0.8611055258480995,
    "split4_test_precision": 0.871944466571808,
    "mean_test_precision": 0.8648265505660145,
    "std_test_precision": 0.006549357070838218,
    "rank_test_precision": 1,
    "split0_train_precision": 1.0,
    "split1_train_precision": 1.0,
    "split2_train_precision": 1.0,
    "split3_train_precision": 1.0,
    "split4_train_precision": 1.0,
    "mean_train_precision": 1.0,
    "std_train_precision": 0.0,
    "split0_test_recall": 0.8633333333333333,
    "split1_test_recall": 0.8511111111111112,
    "split2_test_recall": 0.8651851851851853,
    "split3_test_recall": 0.8588888888888888,
    "split4_test_recall": 0.8677777777777778,
    "mean_test_recall": 0.8612592592592593,
    "std_test_recall": 0.0058448152724678085,
    "rank_test_recall": 1,
    "split0_train_recall": 1.0,
    "split1_train_recall": 1.0,
    "split2_train_recall": 1.0,
    "split3_train_recall": 1.0,
    "split4_train_recall": 1.0,
    "mean_train_recall": 1.0,
    "std_train_recall": 0.0,
    "split0_test_f1_score": 0.8617986227394913,
    "split1_test_f1_score": 0.8501204859832087,
    "split2_test_f1_score": 0.8637793596570951,
    "split3_test_f1_score": 0.8572803380886141,
    "split4_test_f1_score": 0.8671086072899302,
    "mean_test_f1_score": 0.8600174827516678,
    "std_test_f1_score": 0.0058830388519256266,
    "rank_test_f1_score": 1,
    "split0_train_f1_score": 1.0,
    "split1_train_f1_score": 1.0,
    "split2_train_f1_score": 1.0,
    "split3_train_f1_score": 1.0,
    "split4_train_f1_score": 1.0,
    "mean_train_f1_score": 1.0,
    "std_train_f1_score": 0.0,
    "rank_train_f1_score": 1,
    "rank_train_accuracy": 1,
    "rank_train_recall": 1,
    "rank_train_precision": 1,
    "embedding_generation_time": 4.5338051319122314,
    "embedding_generation_size": 20736128
}