{
    "mean_fit_time": 0.0005699634552001953,
    "std_fit_time": 0.00010630587970239487,
    "mean_score_time": 0.005321073532104492,
    "std_score_time": 0.0010460101386709699,
    "param_metric": "euclidean",
    "param_n_neighbors": 17,
    "param_weights": "distance",
    "params": {
        "metric": "euclidean",
        "n_neighbors": 17,
        "weights": "distance"
    },
    "split0_test_accuracy": 0.8955223880597015,
    "split1_test_accuracy": 0.9552238805970149,
    "split2_test_accuracy": 0.9253731343283582,
    "split3_test_accuracy": 0.9242424242424242,
    "split4_test_accuracy": 0.8939393939393939,
    "mean_test_accuracy": 0.9188602442333785,
    "std_test_accuracy": 0.02262478268971554,
    "rank_test_accuracy": 1,
    "split0_train_accuracy": 0.9962406015037594,
    "split1_train_accuracy": 0.9924812030075187,
    "split2_train_accuracy": 0.9962406015037594,
    "split3_train_accuracy": 0.9962546816479401,
    "split4_train_accuracy": 0.9962546816479401,
    "mean_train_accuracy": 0.9954943538621835,
    "std_train_accuracy": 0.001506588586288176,
    "split0_test_precision": 0.8772792022792023,
    "split1_test_precision": 0.9539835164835164,
    "split2_test_precision": 0.9139983579638752,
    "split3_test_precision": 0.9379120879120879,
    "split4_test_precision": 0.9030566207985563,
    "mean_test_precision": 0.9172459570874476,
    "std_test_precision": 0.02678045140743489,
    "rank_test_precision": 5,
    "split0_train_precision": 0.9956140350877193,
    "split1_train_precision": 0.990728021978022,
    "split2_train_precision": 0.9952830188679245,
    "split3_train_precision": 0.9952830188679245,
    "split4_train_precision": 0.9956140350877193,
    "mean_train_precision": 0.9945044259778619,
    "std_train_precision": 0.0018939960770960268,
    "split0_test_recall": 0.8808506308506309,
    "split1_test_recall": 0.9539835164835166,
    "split2_test_recall": 0.907967032967033,
    "split3_test_recall": 0.9052197802197803,
    "split4_test_recall": 0.8695054945054945,
    "mean_test_recall": 0.903505291005291,
    "std_test_recall": 0.029120843568760425,
    "rank_test_recall": 1,
    "split0_train_recall": 0.9951923076923077,
    "split1_train_recall": 0.990728021978022,
    "split2_train_recall": 0.9955357142857143,
    "split3_train_recall": 0.9955357142857143,
    "split4_train_recall": 0.9951923076923077,
    "mean_train_recall": 0.9944368131868133,
    "std_train_recall": 0.0018607441187011016,
    "split0_test_f1_score": 0.8767297517297518,
    "split1_test_f1_score": 0.9532142857142858,
    "split2_test_f1_score": 0.9079217273954115,
    "split3_test_f1_score": 0.9135304169514695,
    "split4_test_f1_score": 0.8802586206896551,
    "mean_test_f1_score": 0.9063309604961146,
    "std_test_f1_score": 0.027598577352851164,
    "rank_test_f1_score": 1,
    "split0_train_f1_score": 0.9953604261534496,
    "split1_train_f1_score": 0.990728021978022,
    "split2_train_f1_score": 0.9953667953667954,
    "split3_train_f1_score": 0.9953667953667954,
    "split4_train_f1_score": 0.9953604261534496,
    "mean_train_f1_score": 0.9944364930037024,
    "std_train_f1_score": 0.0018542377006342617,
    "rank_train_f1_score": 8,
    "rank_train_precision": 6,
    "rank_train_recall": 8,
    "rank_train_accuracy": 5
}