{
    "mean_fit_time": 0.0004683017730712891,
    "std_fit_time": 3.684300747734323e-05,
    "mean_score_time": 0.003114938735961914,
    "std_score_time": 0.00012564138839633838,
    "param_metric": "euclidean",
    "param_n_neighbors": 15,
    "param_weights": "distance",
    "params": {
        "metric": "euclidean",
        "n_neighbors": 15,
        "weights": "distance"
    },
    "split0_test_accuracy": 0.8955223880597015,
    "split1_test_accuracy": 0.9552238805970149,
    "split2_test_accuracy": 0.9402985074626866,
    "split3_test_accuracy": 0.9104477611940298,
    "split4_test_accuracy": 0.8787878787878788,
    "mean_test_accuracy": 0.9160560832202623,
    "std_test_accuracy": 0.028156052489675187,
    "rank_test_accuracy": 1,
    "split0_train_accuracy": 0.9962546816479401,
    "split1_train_accuracy": 0.9925093632958801,
    "split2_train_accuracy": 0.9962546816479401,
    "split3_train_accuracy": 0.9962546816479401,
    "split4_train_accuracy": 0.996268656716418,
    "mean_train_accuracy": 0.9955084129912237,
    "std_train_accuracy": 0.0014995346158611568,
    "split0_test_precision": 0.8772792022792023,
    "split1_test_precision": 0.9539835164835164,
    "split2_test_precision": 0.9320844385499557,
    "split3_test_precision": 0.9129120879120879,
    "split4_test_precision": 0.8803293480712836,
    "mean_test_precision": 0.9113177186592092,
    "std_test_precision": 0.02957386914614495,
    "rank_test_precision": 6,
    "split0_train_precision": 0.9956896551724138,
    "split1_train_precision": 0.990806342780027,
    "split2_train_precision": 0.9952830188679245,
    "split3_train_precision": 0.9952830188679245,
    "split4_train_precision": 0.9956896551724138,
    "mean_train_precision": 0.9945503381721407,
    "std_train_precision": 0.0018808099294899364,
    "split0_test_recall": 0.8808506308506309,
    "split1_test_recall": 0.9539835164835166,
    "split2_test_recall": 0.9258241758241759,
    "split3_test_recall": 0.8897435897435897,
    "split4_test_recall": 0.8516483516483517,
    "mean_test_recall": 0.9004100529100529,
    "std_test_recall": 0.03574924217509207,
    "rank_test_recall": 1,
    "split0_train_recall": 0.9951923076923077,
    "split1_train_recall": 0.990806342780027,
    "split2_train_recall": 0.9956140350877193,
    "split3_train_recall": 0.9955357142857143,
    "split4_train_recall": 0.9951923076923077,
    "mean_train_recall": 0.9944681415076152,
    "std_train_recall": 0.0018390425215819674,
    "split0_test_f1_score": 0.8767297517297518,
    "split1_test_f1_score": 0.9532142857142858,
    "split2_test_f1_score": 0.9278362573099415,
    "split3_test_f1_score": 0.8966322102106841,
    "split4_test_f1_score": 0.8602586206896552,
    "mean_test_f1_score": 0.9029342251308636,
    "std_test_f1_score": 0.03375142287852963,
    "rank_test_f1_score": 1,
    "split0_train_f1_score": 0.9953989024905023,
    "split1_train_f1_score": 0.990806342780027,
    "split2_train_f1_score": 0.9954066582385166,
    "split3_train_f1_score": 0.9953667953667954,
    "split4_train_f1_score": 0.9953989024905023,
    "mean_train_f1_score": 0.9944755202732687,
    "std_train_f1_score": 0.0018346401346195996,
    "rank_train_f1_score": 3,
    "rank_train_accuracy": 1,
    "rank_train_recall": 3,
    "rank_train_precision": 2,
    "embedding_generation_time": 5.310898065567017,
    "embedding_generation_size": 1026176
}