{
    "mean_fit_time": 1.9487170696258544,
    "std_fit_time": 0.8373956273224278,
    "mean_score_time": 33.04979705810547,
    "std_score_time": 0.9712748775301868,
    "param_metric": "manhattan",
    "param_n_neighbors": 37,
    "param_weights": "distance",
    "params": {
        "metric": "manhattan",
        "n_neighbors": 37,
        "weights": "distance"
    },
    "split0_test_accuracy": 0.05263157894736842,
    "split1_test_accuracy": 0.05263157894736842,
    "split2_test_accuracy": 0.05263157894736842,
    "split3_test_accuracy": 0.05263157894736842,
    "split4_test_accuracy": 0.05263157894736842,
    "mean_test_accuracy": 0.05263157894736842,
    "std_test_accuracy": 0.0,
    "rank_test_accuracy": 1,
    "split0_train_accuracy": 0.05263157894736842,
    "split1_train_accuracy": 0.05263157894736842,
    "split2_train_accuracy": 0.05263157894736842,
    "split3_train_accuracy": 0.05263157894736842,
    "split4_train_accuracy": 0.05263157894736842,
    "mean_train_accuracy": 0.05263157894736842,
    "std_train_accuracy": 0.0,
    "split0_test_precision": 0.0029239766081871343,
    "split1_test_precision": 0.0029239766081871343,
    "split2_test_precision": 0.0029239766081871343,
    "split3_test_precision": 0.0029239766081871343,
    "split4_test_precision": 0.0029239766081871343,
    "mean_test_precision": 0.0029239766081871343,
    "std_test_precision": 0.0,
    "rank_test_precision": 1,
    "split0_train_precision": 0.0029239766081871343,
    "split1_train_precision": 0.0029239766081871343,
    "split2_train_precision": 0.0029239766081871343,
    "split3_train_precision": 0.0029239766081871343,
    "split4_train_precision": 0.0029239766081871343,
    "mean_train_precision": 0.0029239766081871343,
    "std_train_precision": 0.0,
    "split0_test_recall": 0.05555555555555555,
    "split1_test_recall": 0.05555555555555555,
    "split2_test_recall": 0.05555555555555555,
    "split3_test_recall": 0.05555555555555555,
    "split4_test_recall": 0.05555555555555555,
    "mean_test_recall": 0.05555555555555556,
    "std_test_recall": 6.938893903907228e-18,
    "rank_test_recall": 1,
    "split0_train_recall": 0.05555555555555555,
    "split1_train_recall": 0.05555555555555555,
    "split2_train_recall": 0.05555555555555555,
    "split3_train_recall": 0.05555555555555555,
    "split4_train_recall": 0.05555555555555555,
    "mean_train_recall": 0.05555555555555556,
    "std_train_recall": 6.938893903907228e-18,
    "split0_test_f1_score": 0.005555555555555556,
    "split1_test_f1_score": 0.005555555555555556,
    "split2_test_f1_score": 0.005555555555555556,
    "split3_test_f1_score": 0.005555555555555556,
    "split4_test_f1_score": 0.005555555555555556,
    "mean_test_f1_score": 0.005555555555555556,
    "std_test_f1_score": 0.0,
    "rank_test_f1_score": 1,
    "split0_train_f1_score": 0.005555555555555556,
    "split1_train_f1_score": 0.005555555555555556,
    "split2_train_f1_score": 0.005555555555555556,
    "split3_train_f1_score": 0.005555555555555556,
    "split4_train_f1_score": 0.005555555555555556,
    "mean_train_f1_score": 0.005555555555555556,
    "std_train_f1_score": 0.0,
    "rank_train_f1_score": 1,
    "rank_train_accuracy": 1,
    "rank_train_recall": 1,
    "rank_train_precision": 1,
    "embedding_generation_time": 260.6639721393585,
    "embedding_generation_size": 85176,
    "system_prompt": "You are an intelligent assistant that follows the user\u2019s instructions closely. Respond to the user's queries in a clear, concise, and helpful manner. Ensure that all answers are accurate, relevant, and tailored to the user's needs. Stay focused on providing valuable information and completing tasks as requested by the user.",
    "user_prompt": ""
}