{
    "mean_fit_time": 0.00960679054260254,
    "std_fit_time": 0.0010337850418456937,
    "mean_score_time": 0.17254581451416015,
    "std_score_time": 0.049245821281517284,
    "param_metric": "cosine",
    "param_n_neighbors": 12,
    "param_weights": "distance",
    "params": {
        "metric": "cosine",
        "n_neighbors": 12,
        "weights": "distance"
    },
    "split0_test_accuracy": 0.8684615384615385,
    "split1_test_accuracy": 0.8584615384615385,
    "split2_test_accuracy": 0.8453846153846154,
    "split3_test_accuracy": 0.8661538461538462,
    "split4_test_accuracy": 0.8753846153846154,
    "mean_test_accuracy": 0.8627692307692308,
    "std_test_accuracy": 0.01023510607906456,
    "rank_test_accuracy": 1,
    "split0_train_accuracy": 1.0,
    "split1_train_accuracy": 1.0,
    "split2_train_accuracy": 1.0,
    "split3_train_accuracy": 1.0,
    "split4_train_accuracy": 1.0,
    "mean_train_accuracy": 1.0,
    "std_train_accuracy": 0.0,
    "split0_test_precision": 0.8681485521815987,
    "split1_test_precision": 0.8575059174174002,
    "split2_test_precision": 0.8481513769943289,
    "split3_test_precision": 0.866835628667599,
    "split4_test_precision": 0.8748775701641159,
    "mean_test_precision": 0.8631038090850085,
    "std_test_precision": 0.009304933925656539,
    "rank_test_precision": 1,
    "split0_train_precision": 1.0,
    "split1_train_precision": 1.0,
    "split2_train_precision": 1.0,
    "split3_train_precision": 1.0,
    "split4_train_precision": 1.0,
    "mean_train_precision": 1.0,
    "std_train_precision": 0.0,
    "split0_test_recall": 0.8684615384615385,
    "split1_test_recall": 0.8584615384615385,
    "split2_test_recall": 0.8453846153846154,
    "split3_test_recall": 0.8661538461538462,
    "split4_test_recall": 0.8753846153846153,
    "mean_test_recall": 0.8627692307692308,
    "std_test_recall": 0.010235106079064532,
    "rank_test_recall": 1,
    "split0_train_recall": 1.0,
    "split1_train_recall": 1.0,
    "split2_train_recall": 1.0,
    "split3_train_recall": 1.0,
    "split4_train_recall": 1.0,
    "mean_train_recall": 1.0,
    "std_train_recall": 0.0,
    "split0_test_f1_score": 0.8666636654415607,
    "split1_test_f1_score": 0.8566105114748489,
    "split2_test_f1_score": 0.8446508614418113,
    "split3_test_f1_score": 0.8653342891349234,
    "split4_test_f1_score": 0.8737850621824635,
    "mean_test_f1_score": 0.8614088779351216,
    "std_test_f1_score": 0.010000470177213084,
    "rank_test_f1_score": 1,
    "split0_train_f1_score": 1.0,
    "split1_train_f1_score": 1.0,
    "split2_train_f1_score": 1.0,
    "split3_train_f1_score": 1.0,
    "split4_train_f1_score": 1.0,
    "mean_train_f1_score": 1.0,
    "std_train_f1_score": 0.0,
    "rank_train_f1_score": 1,
    "rank_train_precision": 1,
    "rank_train_recall": 1,
    "rank_train_accuracy": 1
}