{
    "mean_fit_time": 0.000878143310546875,
    "std_fit_time": 0.00010462978631288442,
    "mean_score_time": 0.014278173446655273,
    "std_score_time": 0.0019586686010808173,
    "param_metric": "cosine",
    "param_n_neighbors": 11,
    "param_weights": "distance",
    "params": {
        "metric": "cosine",
        "n_neighbors": 11,
        "weights": "distance"
    },
    "split0_test_accuracy": 0.6675,
    "split1_test_accuracy": 0.6275,
    "split2_test_accuracy": 0.6325,
    "split3_test_accuracy": 0.6325,
    "split4_test_accuracy": 0.6075,
    "mean_test_accuracy": 0.6335,
    "std_test_accuracy": 0.019339079605813703,
    "rank_test_accuracy": 1,
    "split0_train_accuracy": 1.0,
    "split1_train_accuracy": 1.0,
    "split2_train_accuracy": 1.0,
    "split3_train_accuracy": 1.0,
    "split4_train_accuracy": 1.0,
    "mean_train_accuracy": 1.0,
    "std_train_accuracy": 0.0,
    "split0_test_precision": 0.6697448759849003,
    "split1_test_precision": 0.6295238095238095,
    "split2_test_precision": 0.6409611957764834,
    "split3_test_precision": 0.6334642794188008,
    "split4_test_precision": 0.6082823399058195,
    "mean_test_precision": 0.6363953001219627,
    "std_test_precision": 0.0198956699353559,
    "rank_test_precision": 1,
    "split0_train_precision": 1.0,
    "split1_train_precision": 1.0,
    "split2_train_precision": 1.0,
    "split3_train_precision": 1.0,
    "split4_train_precision": 1.0,
    "mean_train_precision": 1.0,
    "std_train_precision": 0.0,
    "split0_test_recall": 0.6675,
    "split1_test_recall": 0.6275,
    "split2_test_recall": 0.6325000000000001,
    "split3_test_recall": 0.6325000000000001,
    "split4_test_recall": 0.6074999999999999,
    "mean_test_recall": 0.6335,
    "std_test_recall": 0.01933907960581373,
    "rank_test_recall": 1,
    "split0_train_recall": 1.0,
    "split1_train_recall": 1.0,
    "split2_train_recall": 1.0,
    "split3_train_recall": 1.0,
    "split4_train_recall": 1.0,
    "mean_train_recall": 1.0,
    "std_train_recall": 0.0,
    "split0_test_f1_score": 0.66639702516445,
    "split1_test_f1_score": 0.6260392156862745,
    "split2_test_f1_score": 0.6269011859212306,
    "split3_test_f1_score": 0.6318350019723125,
    "split4_test_f1_score": 0.6067897640112453,
    "mean_test_f1_score": 0.6315924385511027,
    "std_test_f1_score": 0.01938781517393399,
    "rank_test_f1_score": 1,
    "split0_train_f1_score": 1.0,
    "split1_train_f1_score": 1.0,
    "split2_train_f1_score": 1.0,
    "split3_train_f1_score": 1.0,
    "split4_train_f1_score": 1.0,
    "mean_train_f1_score": 1.0,
    "std_train_f1_score": 0.0,
    "rank_train_f1_score": 1,
    "rank_train_precision": 1,
    "rank_train_recall": 1,
    "rank_train_accuracy": 1
}