{
    "mean_fit_time": 0.0003974437713623047,
    "std_fit_time": 5.48899429397656e-05,
    "mean_score_time": 0.007094001770019532,
    "std_score_time": 0.0007921153167472316,
    "param_metric": "manhattan",
    "param_n_neighbors": 40,
    "param_weights": "uniform",
    "params": {
        "metric": "manhattan",
        "n_neighbors": 40,
        "weights": "uniform"
    },
    "split0_test_accuracy": 0.9,
    "split1_test_accuracy": 0.9666666666666667,
    "split2_test_accuracy": 0.8,
    "split3_test_accuracy": 0.8833333333333333,
    "split4_test_accuracy": 0.9322033898305084,
    "mean_test_accuracy": 0.8964406779661017,
    "std_test_accuracy": 0.056028451115648276,
    "rank_test_accuracy": 1,
    "split0_train_accuracy": 0.891213389121339,
    "split1_train_accuracy": 0.8870292887029289,
    "split2_train_accuracy": 0.9246861924686193,
    "split3_train_accuracy": 0.9037656903765691,
    "split4_train_accuracy": 0.8916666666666667,
    "mean_train_accuracy": 0.8996722454672247,
    "std_train_accuracy": 0.013696274925471836,
    "split0_test_precision": 0.9337121212121212,
    "split1_test_precision": 0.9778846153846154,
    "split2_test_precision": 0.8426190476190476,
    "split3_test_precision": 0.9029503105590062,
    "split4_test_precision": 0.9257246376811594,
    "mean_test_precision": 0.91657814649119,
    "std_test_precision": 0.04425241402947433,
    "rank_test_precision": 1,
    "split0_train_precision": 0.9024363666828249,
    "split1_train_precision": 0.9010490557002185,
    "split2_train_precision": 0.932482066181575,
    "split3_train_precision": 0.9204626914304334,
    "split4_train_precision": 0.9119100646687396,
    "mean_train_precision": 0.9136680489327583,
    "std_train_precision": 0.011735540863112157,
    "split0_test_recall": 0.9365384615384615,
    "split1_test_recall": 0.9778846153846154,
    "split2_test_recall": 0.8577991452991452,
    "split3_test_recall": 0.8875,
    "split4_test_recall": 0.9422222222222222,
    "mean_test_recall": 0.9203888888888889,
    "std_test_recall": 0.04252626652189253,
    "rank_test_recall": 1,
    "split0_train_recall": 0.914243839427663,
    "split1_train_recall": 0.9124668786433493,
    "split2_train_recall": 0.939505498145204,
    "split3_train_recall": 0.932348975188781,
    "split4_train_recall": 0.9190017383888742,
    "mean_train_recall": 0.9235133859587744,
    "std_train_recall": 0.010603019096294469,
    "split0_test_f1_score": 0.9342857142857143,
    "split1_test_f1_score": 0.9778846153846154,
    "split2_test_f1_score": 0.8429450955108027,
    "split3_test_f1_score": 0.8878164864009152,
    "split4_test_f1_score": 0.9291675376461592,
    "mean_test_f1_score": 0.9144198898456413,
    "std_test_f1_score": 0.045730302391564344,
    "rank_test_f1_score": 1,
    "split0_train_f1_score": 0.906112347331726,
    "split1_train_f1_score": 0.9034217670854932,
    "split2_train_f1_score": 0.9346920941865431,
    "split3_train_f1_score": 0.9234034876042723,
    "split4_train_f1_score": 0.9130130057803467,
    "mean_train_f1_score": 0.9161285403976762,
    "std_train_f1_score": 0.011567395157288347,
    "rank_train_f1_score": 13,
    "rank_train_precision": 12,
    "rank_train_recall": 13,
    "rank_train_accuracy": 13
}