{
    "mean_fit_time": 1.0386366367340087,
    "std_fit_time": 0.5945099543862986,
    "mean_score_time": 1.454396867752075,
    "std_score_time": 0.5100374192706215,
    "param_metric": "cosine",
    "param_n_neighbors": 11,
    "param_weights": "distance",
    "params": {
        "metric": "cosine",
        "n_neighbors": 11,
        "weights": "distance"
    },
    "split0_test_accuracy": 0.70578231292517,
    "split1_test_accuracy": 0.6802721088435374,
    "split2_test_accuracy": 0.7101531480431084,
    "split3_test_accuracy": 0.6993760635280771,
    "split4_test_accuracy": 0.7101531480431084,
    "mean_test_accuracy": 0.7011473562766002,
    "std_test_accuracy": 0.011158896246583706,
    "rank_test_accuracy": 1,
    "split0_train_accuracy": 0.9997164327236637,
    "split1_train_accuracy": 0.9995746490854955,
    "split2_train_accuracy": 0.9994329458463284,
    "split3_train_accuracy": 0.9997164729231641,
    "split4_train_accuracy": 0.9994329458463284,
    "mean_train_accuracy": 0.9995746892849959,
    "std_train_accuracy": 0.00012678817680225274,
    "split0_test_precision": 0.761136627457266,
    "split1_test_precision": 0.7394357494640165,
    "split2_test_precision": 0.7550505295091852,
    "split3_test_precision": 0.7498091962795207,
    "split4_test_precision": 0.7636124203383098,
    "mean_test_precision": 0.7538089046096595,
    "std_test_precision": 0.008647905303959518,
    "rank_test_precision": 11,
    "split0_train_precision": 0.9995431703974418,
    "split1_train_precision": 0.9998688180506363,
    "split2_train_precision": 0.9992726613906068,
    "split3_train_precision": 0.9995431703974418,
    "split4_train_precision": 0.9992726613906068,
    "mean_train_precision": 0.9995000963253468,
    "std_train_precision": 0.0002205083949216296,
    "split0_test_recall": 0.6414616631132475,
    "split1_test_recall": 0.6098276809451343,
    "split2_test_recall": 0.6350768900121041,
    "split3_test_recall": 0.6245037644740046,
    "split4_test_recall": 0.6348622155527172,
    "mean_test_recall": 0.6291464428194414,
    "std_test_recall": 0.011083987868125467,
    "rank_test_recall": 1,
    "split0_train_recall": 0.999836118224417,
    "split1_train_recall": 0.9992196296404455,
    "split2_train_recall": 0.9994712526131712,
    "split3_train_recall": 0.9998362766561708,
    "split4_train_recall": 0.9994723837171741,
    "mean_train_recall": 0.9995671321702758,
    "std_train_recall": 0.000238210167156788,
    "split0_test_f1_score": 0.6884973614425399,
    "split1_test_f1_score": 0.6564445535330102,
    "split2_test_f1_score": 0.6802982188546506,
    "split3_test_f1_score": 0.671331171125077,
    "split4_test_f1_score": 0.6816013669975026,
    "mean_test_f1_score": 0.6756345343905561,
    "std_test_f1_score": 0.011041554823636524,
    "rank_test_f1_score": 1,
    "split0_train_f1_score": 0.9996890239976178,
    "split1_train_f1_score": 0.9995433110241186,
    "split2_train_f1_score": 0.9993703381968931,
    "split3_train_f1_score": 0.9996891033181737,
    "split4_train_f1_score": 0.9993709057490832,
    "mean_train_f1_score": 0.9995325364571773,
    "std_train_f1_score": 0.00014251342744204748,
    "rank_train_f1_score": 5,
    "rank_train_accuracy": 1,
    "rank_train_recall": 5,
    "rank_train_precision": 1,
    "embedding_generation_time": 542.3614993095398,
    "embedding_generation_size": 75672,
    "system_prompt": "You are an intelligent assistant that follows the user\u2019s instructions closely. Respond to the user's queries in a clear, concise, and helpful manner. Ensure that all answers are accurate, relevant, and tailored to the user's needs. Stay focused on providing valuable information and completing tasks as requested by the user.",
    "user_prompt": ""
}