{
    "mean_fit_time": 0.005225467681884766,
    "std_fit_time": 0.0006722698681955107,
    "mean_score_time": 0.19845685958862305,
    "std_score_time": 0.03224032038547726,
    "param_metric": "cosine",
    "param_n_neighbors": 8,
    "param_weights": "distance",
    "params": {
        "metric": "cosine",
        "n_neighbors": 8,
        "weights": "distance"
    },
    "split0_test_accuracy": 0.8832199546485261,
    "split1_test_accuracy": 0.8616780045351474,
    "split2_test_accuracy": 0.8786159954622802,
    "split3_test_accuracy": 0.8729438457175269,
    "split4_test_accuracy": 0.866137266023823,
    "mean_test_accuracy": 0.8725190132774607,
    "std_test_accuracy": 0.007875506195176827,
    "rank_test_accuracy": 1,
    "split0_train_accuracy": 0.9994328654473273,
    "split1_train_accuracy": 0.9992910818091593,
    "split2_train_accuracy": 0.9988658916926566,
    "split3_train_accuracy": 0.9991494187694925,
    "split4_train_accuracy": 0.9990076552310746,
    "mean_train_accuracy": 0.999149382589942,
    "std_train_accuracy": 0.00020044696733166628,
    "split0_test_precision": 0.9122370760737971,
    "split1_test_precision": 0.8853645510142697,
    "split2_test_precision": 0.8979692041750293,
    "split3_test_precision": 0.8894973662386346,
    "split4_test_precision": 0.8914344437384163,
    "mean_test_precision": 0.8953005282480294,
    "std_test_precision": 0.009394843540904878,
    "rank_test_precision": 2,
    "split0_train_precision": 0.9998251748251747,
    "split1_train_precision": 0.9995049883014032,
    "split2_train_precision": 0.9993742474056636,
    "split3_train_precision": 0.999738014147236,
    "split4_train_precision": 0.9985036158779432,
    "mean_train_precision": 0.9993892081114841,
    "std_train_precision": 0.00047109130860745186,
    "split0_test_recall": 0.8651837535135496,
    "split1_test_recall": 0.8446095998161481,
    "split2_test_recall": 0.8620060182621113,
    "split3_test_recall": 0.8548132778119514,
    "split4_test_recall": 0.8420679065847811,
    "mean_test_recall": 0.8537361111977084,
    "std_test_recall": 0.009165591898475786,
    "rank_test_recall": 1,
    "split0_train_recall": 0.9991912034964755,
    "split1_train_recall": 0.9991535246265039,
    "split2_train_recall": 0.9985744549661199,
    "split3_train_recall": 0.9988479682138578,
    "split4_train_recall": 0.9995425890890435,
    "mean_train_recall": 0.9990619480784,
    "std_train_recall": 0.00032849533492180973,
    "split0_test_f1_score": 0.8865302809767246,
    "split1_test_f1_score": 0.863749434858753,
    "split2_test_f1_score": 0.8786458870586596,
    "split3_test_f1_score": 0.8708532626871566,
    "split4_test_f1_score": 0.8640999310015945,
    "mean_test_f1_score": 0.8727757593165777,
    "std_test_f1_score": 0.008764539797010834,
    "rank_test_f1_score": 1,
    "split0_train_f1_score": 0.9995067560173507,
    "split1_train_f1_score": 0.9993281675883484,
    "split2_train_f1_score": 0.9989713316739354,
    "split3_train_f1_score": 0.9992912752736859,
    "split4_train_f1_score": 0.9990191039159463,
    "mean_train_f1_score": 0.9992233268938534,
    "std_train_f1_score": 0.00020057379547553457,
    "rank_train_f1_score": 15,
    "rank_train_precision": 12,
    "rank_train_recall": 4,
    "rank_train_accuracy": 4
}