{
    "mean_fit_time": 0.7280665874481201,
    "std_fit_time": 0.0284082667460326,
    "mean_score_time": 49.790145540237425,
    "std_score_time": 0.08549148250525464,
    "param_metric": "manhattan",
    "param_n_neighbors": 8,
    "param_weights": "distance",
    "params": {
        "metric": "manhattan",
        "n_neighbors": 8,
        "weights": "distance"
    },
    "split0_test_accuracy": 0.8622222222222222,
    "split1_test_accuracy": 0.8507407407407407,
    "split2_test_accuracy": 0.8714814814814815,
    "split3_test_accuracy": 0.8596296296296296,
    "split4_test_accuracy": 0.8659259259259259,
    "mean_test_accuracy": 0.8619999999999999,
    "std_test_accuracy": 0.006895655776436781,
    "rank_test_accuracy": 1,
    "split0_train_accuracy": 1.0,
    "split1_train_accuracy": 1.0,
    "split2_train_accuracy": 1.0,
    "split3_train_accuracy": 1.0,
    "split4_train_accuracy": 1.0,
    "mean_train_accuracy": 1.0,
    "std_train_accuracy": 0.0,
    "split0_test_precision": 0.8696115069144073,
    "split1_test_precision": 0.8601858859300308,
    "split2_test_precision": 0.8773579466620112,
    "split3_test_precision": 0.8667845421243141,
    "split4_test_precision": 0.8748387349687002,
    "mean_test_precision": 0.8697557233198928,
    "std_test_precision": 0.006067310951357852,
    "rank_test_precision": 1,
    "split0_train_precision": 1.0,
    "split1_train_precision": 1.0,
    "split2_train_precision": 1.0,
    "split3_train_precision": 1.0,
    "split4_train_precision": 1.0,
    "mean_train_precision": 1.0,
    "std_train_precision": 0.0,
    "split0_test_recall": 0.8622222222222221,
    "split1_test_recall": 0.8507407407407407,
    "split2_test_recall": 0.8714814814814816,
    "split3_test_recall": 0.8596296296296296,
    "split4_test_recall": 0.8659259259259259,
    "mean_test_recall": 0.8619999999999999,
    "std_test_recall": 0.006895655776436811,
    "rank_test_recall": 1,
    "split0_train_recall": 1.0,
    "split1_train_recall": 1.0,
    "split2_train_recall": 1.0,
    "split3_train_recall": 1.0,
    "split4_train_recall": 1.0,
    "mean_train_recall": 1.0,
    "std_train_recall": 0.0,
    "split0_test_f1_score": 0.8616540601885523,
    "split1_test_f1_score": 0.8509769619546587,
    "split2_test_f1_score": 0.8708087675517988,
    "split3_test_f1_score": 0.8586463564218727,
    "split4_test_f1_score": 0.8664338353455191,
    "mean_test_f1_score": 0.8617039962924803,
    "std_test_f1_score": 0.0067777453187586306,
    "rank_test_f1_score": 1,
    "split0_train_f1_score": 1.0,
    "split1_train_f1_score": 1.0,
    "split2_train_f1_score": 1.0,
    "split3_train_f1_score": 1.0,
    "split4_train_f1_score": 1.0,
    "mean_train_f1_score": 1.0,
    "std_train_f1_score": 0.0,
    "rank_train_f1_score": 1,
    "rank_train_accuracy": 1,
    "rank_train_recall": 1,
    "rank_train_precision": 1,
    "embedding_generation_time": 469.5869839191437,
    "embedding_generation_size": 121432,
    "system_prompt": "You are an intelligent assistant that follows the user\u2019s instructions closely. Respond to the user's queries in a clear, concise, and helpful manner. Ensure that all answers are accurate, relevant, and tailored to the user's needs. Stay focused on providing valuable information and completing tasks as requested by the user.",
    "user_prompt": ""
}