{
    "mean_fit_time": 0.017832231521606446,
    "std_fit_time": 0.008343254586259534,
    "mean_score_time": 0.3753067970275879,
    "std_score_time": 0.13986058147300912,
    "param_metric": "cosine",
    "param_n_neighbors": 13,
    "param_weights": "distance",
    "params": {
        "metric": "cosine",
        "n_neighbors": 13,
        "weights": "distance"
    },
    "split0_test_accuracy": 0.6541943270971635,
    "split1_test_accuracy": 0.6336753168376584,
    "split2_test_accuracy": 0.6407004830917874,
    "split3_test_accuracy": 0.6606280193236715,
    "split4_test_accuracy": 0.6521739130434783,
    "mean_test_accuracy": 0.6482744118787519,
    "std_test_accuracy": 0.009729965012464818,
    "rank_test_accuracy": 4,
    "split0_train_accuracy": 0.9990943396226415,
    "split1_train_accuracy": 0.9986415094339622,
    "split2_train_accuracy": 0.9986417144581949,
    "split3_train_accuracy": 0.9989435556897072,
    "split4_train_accuracy": 0.9992453969212194,
    "mean_train_accuracy": 0.998913303225145,
    "std_train_accuracy": 0.00024149862735092,
    "split0_test_precision": 0.5014654872206926,
    "split1_test_precision": 0.5787636921595251,
    "split2_test_precision": 0.571326929334498,
    "split3_test_precision": 0.5127411724231045,
    "split4_test_precision": 0.5021405478773269,
    "mean_test_precision": 0.5332875658030294,
    "std_test_precision": 0.03440932123177747,
    "rank_test_precision": 7,
    "split0_train_precision": 0.9978191190347079,
    "split1_train_precision": 0.9969017804874214,
    "split2_train_precision": 0.9968252508823697,
    "split3_train_precision": 0.9968222762359654,
    "split4_train_precision": 0.9973814796774629,
    "mean_train_precision": 0.9971499812635856,
    "std_train_precision": 0.00039389869338977876,
    "split0_test_recall": 0.554852651682614,
    "split1_test_recall": 0.5515032191967976,
    "split2_test_recall": 0.5505135262726989,
    "split3_test_recall": 0.5704804505971532,
    "split4_test_recall": 0.5699109453062327,
    "mean_test_recall": 0.5594521586110992,
    "std_test_recall": 0.008891003240832628,
    "rank_test_recall": 3,
    "split0_train_recall": 0.9967592502872197,
    "split1_train_recall": 0.9961607986583813,
    "split2_train_recall": 0.9971664449605538,
    "split3_train_recall": 0.9978641610375292,
    "split4_train_recall": 0.9989776325284276,
    "mean_train_recall": 0.9973856574944223,
    "std_train_recall": 0.0009699556115751256,
    "split0_test_f1_score": 0.5165090042987922,
    "split1_test_f1_score": 0.521643682000898,
    "split2_test_f1_score": 0.5239341950320254,
    "split3_test_f1_score": 0.533413628016561,
    "split4_test_f1_score": 0.523691115299952,
    "mean_test_f1_score": 0.5238383249296457,
    "std_test_f1_score": 0.005481837090838285,
    "rank_test_f1_score": 1,
    "split0_train_f1_score": 0.9972852329584321,
    "split1_train_f1_score": 0.9965253460195161,
    "split2_train_f1_score": 0.9969918811866686,
    "split3_train_f1_score": 0.9973395366989759,
    "split4_train_f1_score": 0.9981739465991636,
    "mean_train_f1_score": 0.9972631886925513,
    "std_train_f1_score": 0.0005392243512861756,
    "rank_train_f1_score": 6,
    "rank_train_accuracy": 3,
    "rank_train_recall": 5,
    "rank_train_precision": 11,
    "embedding_generation_time": 22.95691418647766,
    "embedding_generation_size": 25442432
}