{
    "mean_fit_time": 0.32292723655700684,
    "std_fit_time": 0.017156004171053698,
    "mean_score_time": 9.467748165130615,
    "std_score_time": 0.08042414239059065,
    "param_metric": "manhattan",
    "param_n_neighbors": 11,
    "param_weights": "distance",
    "params": {
        "metric": "manhattan",
        "n_neighbors": 11,
        "weights": "distance"
    },
    "split0_test_accuracy": 0.7458333333333333,
    "split1_test_accuracy": 0.7308333333333333,
    "split2_test_accuracy": 0.7533333333333333,
    "split3_test_accuracy": 0.745,
    "split4_test_accuracy": 0.7383333333333333,
    "mean_test_accuracy": 0.7426666666666667,
    "std_test_accuracy": 0.007590198357823796,
    "rank_test_accuracy": 1,
    "split0_train_accuracy": 1.0,
    "split1_train_accuracy": 1.0,
    "split2_train_accuracy": 1.0,
    "split3_train_accuracy": 1.0,
    "split4_train_accuracy": 1.0,
    "mean_train_accuracy": 1.0,
    "std_train_accuracy": 0.0,
    "split0_test_precision": 0.7648811161439638,
    "split1_test_precision": 0.752959980028394,
    "split2_test_precision": 0.7669432824071291,
    "split3_test_precision": 0.7553021678972298,
    "split4_test_precision": 0.761802403080095,
    "mean_test_precision": 0.7603777899113624,
    "std_test_precision": 0.005407420897987153,
    "rank_test_precision": 1,
    "split0_train_precision": 1.0,
    "split1_train_precision": 1.0,
    "split2_train_precision": 1.0,
    "split3_train_precision": 1.0,
    "split4_train_precision": 1.0,
    "mean_train_precision": 1.0,
    "std_train_precision": 0.0,
    "split0_test_recall": 0.7458333333333332,
    "split1_test_recall": 0.7308333333333333,
    "split2_test_recall": 0.7533333333333333,
    "split3_test_recall": 0.745,
    "split4_test_recall": 0.7383333333333333,
    "mean_test_recall": 0.7426666666666667,
    "std_test_recall": 0.007590198357823787,
    "rank_test_recall": 1,
    "split0_train_recall": 1.0,
    "split1_train_recall": 1.0,
    "split2_train_recall": 1.0,
    "split3_train_recall": 1.0,
    "split4_train_recall": 1.0,
    "mean_train_recall": 1.0,
    "std_train_recall": 0.0,
    "split0_test_f1_score": 0.7433852117022752,
    "split1_test_f1_score": 0.7272326566696847,
    "split2_test_f1_score": 0.7515738199506014,
    "split3_test_f1_score": 0.7376605127320719,
    "split4_test_f1_score": 0.7357165427894675,
    "mean_test_f1_score": 0.7391137487688202,
    "std_test_f1_score": 0.008103234198265852,
    "rank_test_f1_score": 1,
    "split0_train_f1_score": 1.0,
    "split1_train_f1_score": 1.0,
    "split2_train_f1_score": 1.0,
    "split3_train_f1_score": 1.0,
    "split4_train_f1_score": 1.0,
    "mean_train_f1_score": 1.0,
    "std_train_f1_score": 0.0,
    "rank_train_f1_score": 1,
    "rank_train_accuracy": 1,
    "rank_train_recall": 1,
    "rank_train_precision": 1,
    "embedding_generation_time": 214.6828384399414,
    "embedding_generation_size": 53080,
    "system_prompt": "You are an intelligent assistant that follows the user\u2019s instructions closely. Respond to the user's queries in a clear, concise, and helpful manner. Ensure that all answers are accurate, relevant, and tailored to the user's needs. Stay focused on providing valuable information and completing tasks as requested by the user.",
    "user_prompt": "Please summarize the given text by identifying and highlighting the main points, key arguments, and any significant details. Provide a concise summary that captures the essential information and overall message of the text."
}