{
    "mean_fit_time": 0.004089832305908203,
    "std_fit_time": 0.0003799554153293888,
    "mean_score_time": 0.10582356452941895,
    "std_score_time": 0.0011544164809474172,
    "param_metric": "cosine",
    "param_n_neighbors": 4,
    "param_weights": "distance",
    "params": {
        "metric": "cosine",
        "n_neighbors": 4,
        "weights": "distance"
    },
    "split0_test_accuracy": 0.971106412966878,
    "split1_test_accuracy": 0.9760394644115574,
    "split2_test_accuracy": 0.985200845665962,
    "split3_test_accuracy": 0.9746300211416491,
    "split4_test_accuracy": 0.9774489076814659,
    "mean_test_accuracy": 0.9768851303735027,
    "std_test_accuracy": 0.0046618281630842326,
    "rank_test_accuracy": 1,
    "split0_train_accuracy": 1.0,
    "split1_train_accuracy": 1.0,
    "split2_train_accuracy": 1.0,
    "split3_train_accuracy": 1.0,
    "split4_train_accuracy": 1.0,
    "mean_train_accuracy": 1.0,
    "std_train_accuracy": 0.0,
    "split0_test_precision": 0.9724447368871105,
    "split1_test_precision": 0.9746378100012704,
    "split2_test_precision": 0.9863362386227748,
    "split3_test_precision": 0.9765898145438097,
    "split4_test_precision": 0.9795642905428592,
    "mean_test_precision": 0.9779145781195648,
    "std_test_precision": 0.004817827054842747,
    "rank_test_precision": 1,
    "split0_train_precision": 1.0,
    "split1_train_precision": 1.0,
    "split2_train_precision": 1.0,
    "split3_train_precision": 1.0,
    "split4_train_precision": 1.0,
    "mean_train_precision": 1.0,
    "std_train_precision": 0.0,
    "split0_test_recall": 0.9763675160509355,
    "split1_test_recall": 0.982507437773049,
    "split2_test_recall": 0.9870285056651935,
    "split3_test_recall": 0.9783813789582074,
    "split4_test_recall": 0.978621954973671,
    "mean_test_recall": 0.9805813586842114,
    "std_test_recall": 0.0037871131032639056,
    "rank_test_recall": 2,
    "split0_train_recall": 1.0,
    "split1_train_recall": 1.0,
    "split2_train_recall": 1.0,
    "split3_train_recall": 1.0,
    "split4_train_recall": 1.0,
    "mean_train_recall": 1.0,
    "std_train_recall": 0.0,
    "split0_test_f1_score": 0.9742923904227503,
    "split1_test_f1_score": 0.9783918269851773,
    "split2_test_f1_score": 0.986674729988076,
    "split3_test_f1_score": 0.9774762191713486,
    "split4_test_f1_score": 0.9790910345183401,
    "mean_test_f1_score": 0.9791852402171386,
    "std_test_f1_score": 0.004088803451982318,
    "rank_test_f1_score": 1,
    "split0_train_f1_score": 1.0,
    "split1_train_f1_score": 1.0,
    "split2_train_f1_score": 1.0,
    "split3_train_f1_score": 1.0,
    "split4_train_f1_score": 1.0,
    "mean_train_f1_score": 1.0,
    "std_train_f1_score": 0.0,
    "rank_train_f1_score": 1,
    "rank_train_precision": 1,
    "rank_train_recall": 1,
    "rank_train_accuracy": 1
}