{
    "mean_fit_time": 0.005100536346435547,
    "std_fit_time": 0.000831746665503112,
    "mean_score_time": 0.16493048667907714,
    "std_score_time": 0.04144919293933674,
    "param_metric": "cosine",
    "param_n_neighbors": 23,
    "param_weights": "distance",
    "params": {
        "metric": "cosine",
        "n_neighbors": 23,
        "weights": "distance"
    },
    "split0_test_accuracy": 0.663850331925166,
    "split1_test_accuracy": 0.6819553409776705,
    "split2_test_accuracy": 0.6817632850241546,
    "split3_test_accuracy": 0.6781400966183575,
    "split4_test_accuracy": 0.6751207729468599,
    "mean_test_accuracy": 0.6761659654984417,
    "std_test_accuracy": 0.006655994377583589,
    "rank_test_accuracy": 8,
    "split0_train_accuracy": 0.9986415094339622,
    "split1_train_accuracy": 0.9978867924528302,
    "split2_train_accuracy": 0.9980380319951705,
    "split3_train_accuracy": 0.9983398732266827,
    "split4_train_accuracy": 0.9986417144581949,
    "mean_train_accuracy": 0.998309584313368,
    "std_train_accuracy": 0.0003078622275984883,
    "split0_test_precision": 0.5445821509495256,
    "split1_test_precision": 0.629498636792652,
    "split2_test_precision": 0.6403088390449543,
    "split3_test_precision": 0.5502699673138439,
    "split4_test_precision": 0.5356275037341462,
    "mean_test_precision": 0.5800574195670245,
    "std_test_precision": 0.045154118142187234,
    "rank_test_precision": 10,
    "split0_train_precision": 0.997226553890122,
    "split1_train_precision": 0.99623366453592,
    "split2_train_precision": 0.996244323452298,
    "split3_train_precision": 0.9964883910543064,
    "split4_train_precision": 0.9968027111504211,
    "mean_train_precision": 0.9965991288166135,
    "std_train_precision": 0.0003759845285424454,
    "split0_test_recall": 0.5520303901226077,
    "split1_test_recall": 0.5719133352668788,
    "split2_test_recall": 0.56122137527932,
    "split3_test_recall": 0.561174584450318,
    "split4_test_recall": 0.5487145367800089,
    "mean_test_recall": 0.5590108443798266,
    "std_test_recall": 0.008133672981721357,
    "rank_test_recall": 1,
    "split0_train_recall": 0.9967180614742893,
    "split1_train_recall": 0.9957175661052214,
    "split2_train_recall": 0.9968718553481154,
    "split3_train_recall": 0.9974070994884252,
    "split4_train_recall": 0.998765375679574,
    "mean_train_recall": 0.9970959916191251,
    "std_train_recall": 0.000997672933115825,
    "split0_test_f1_score": 0.5338539601093659,
    "split1_test_f1_score": 0.5597202598787033,
    "split2_test_f1_score": 0.5530992902789125,
    "split3_test_f1_score": 0.5452206347767813,
    "split4_test_f1_score": 0.5289704554171923,
    "mean_test_f1_score": 0.5441729200921911,
    "std_test_f1_score": 0.011489938490085077,
    "rank_test_f1_score": 1,
    "split0_train_f1_score": 0.9969682418733725,
    "split1_train_f1_score": 0.9959690260225479,
    "split2_train_f1_score": 0.9965557554030536,
    "split3_train_f1_score": 0.9969436164502502,
    "split4_train_f1_score": 0.997778963736147,
    "mean_train_f1_score": 0.9968431206970744,
    "std_train_f1_score": 0.0005912997904935504,
    "rank_train_f1_score": 7,
    "rank_train_accuracy": 1,
    "rank_train_recall": 6,
    "rank_train_precision": 7,
    "embedding_generation_time": 10.620365858078003,
    "embedding_generation_size": 12721280
}