{
    "mean_fit_time": 0.3557257175445557,
    "std_fit_time": 0.0030864240451817238,
    "mean_score_time": 12.346550846099854,
    "std_score_time": 0.18320976274055,
    "param_metric": "manhattan",
    "param_n_neighbors": 37,
    "param_weights": "distance",
    "params": {
        "metric": "manhattan",
        "n_neighbors": 37,
        "weights": "distance"
    },
    "split0_test_accuracy": 0.08333333333333333,
    "split1_test_accuracy": 0.08333333333333333,
    "split2_test_accuracy": 0.08333333333333333,
    "split3_test_accuracy": 0.08333333333333333,
    "split4_test_accuracy": 0.08333333333333333,
    "mean_test_accuracy": 0.08333333333333333,
    "std_test_accuracy": 0.0,
    "rank_test_accuracy": 1,
    "split0_train_accuracy": 0.08333333333333333,
    "split1_train_accuracy": 0.08333333333333333,
    "split2_train_accuracy": 0.08333333333333333,
    "split3_train_accuracy": 0.08333333333333333,
    "split4_train_accuracy": 0.08333333333333333,
    "mean_train_accuracy": 0.08333333333333333,
    "std_train_accuracy": 0.0,
    "split0_test_precision": 0.006944444444444444,
    "split1_test_precision": 0.006944444444444444,
    "split2_test_precision": 0.006944444444444444,
    "split3_test_precision": 0.006944444444444444,
    "split4_test_precision": 0.006944444444444444,
    "mean_test_precision": 0.006944444444444445,
    "std_test_precision": 8.673617379884035e-19,
    "rank_test_precision": 1,
    "split0_train_precision": 0.006944444444444444,
    "split1_train_precision": 0.006944444444444444,
    "split2_train_precision": 0.006944444444444444,
    "split3_train_precision": 0.006944444444444444,
    "split4_train_precision": 0.006944444444444444,
    "mean_train_precision": 0.006944444444444445,
    "std_train_precision": 8.673617379884035e-19,
    "split0_test_recall": 0.08333333333333333,
    "split1_test_recall": 0.08333333333333333,
    "split2_test_recall": 0.08333333333333333,
    "split3_test_recall": 0.08333333333333333,
    "split4_test_recall": 0.08333333333333333,
    "mean_test_recall": 0.08333333333333333,
    "std_test_recall": 0.0,
    "rank_test_recall": 1,
    "split0_train_recall": 0.08333333333333333,
    "split1_train_recall": 0.08333333333333333,
    "split2_train_recall": 0.08333333333333333,
    "split3_train_recall": 0.08333333333333333,
    "split4_train_recall": 0.08333333333333333,
    "mean_train_recall": 0.08333333333333333,
    "std_train_recall": 0.0,
    "split0_test_f1_score": 0.012820512820512822,
    "split1_test_f1_score": 0.012820512820512822,
    "split2_test_f1_score": 0.012820512820512822,
    "split3_test_f1_score": 0.012820512820512822,
    "split4_test_f1_score": 0.012820512820512822,
    "mean_test_f1_score": 0.012820512820512822,
    "std_test_f1_score": 0.0,
    "rank_test_f1_score": 1,
    "split0_train_f1_score": 0.012820512820512822,
    "split1_train_f1_score": 0.012820512820512822,
    "split2_train_f1_score": 0.012820512820512822,
    "split3_train_f1_score": 0.012820512820512822,
    "split4_train_f1_score": 0.012820512820512822,
    "mean_train_f1_score": 0.012820512820512822,
    "std_train_f1_score": 0.0,
    "rank_train_f1_score": 1,
    "rank_train_accuracy": 1,
    "rank_train_recall": 1,
    "rank_train_precision": 1,
    "embedding_generation_time": 165.2390103340149,
    "embedding_generation_size": 53080,
    "system_prompt": "You are an intelligent assistant that follows the user\u2019s instructions closely. Respond to the user's queries in a clear, concise, and helpful manner. Ensure that all answers are accurate, relevant, and tailored to the user's needs. Stay focused on providing valuable information and completing tasks as requested by the user.",
    "user_prompt": ""
}