{
    "mean_fit_time": 0.00041408538818359374,
    "std_fit_time": 9.211136340781365e-05,
    "mean_score_time": 0.0046595573425292965,
    "std_score_time": 0.0008540895830199955,
    "param_metric": "cosine",
    "param_n_neighbors": 36,
    "param_weights": "distance",
    "params": {
        "metric": "cosine",
        "n_neighbors": 36,
        "weights": "distance"
    },
    "split0_test_accuracy": 0.9,
    "split1_test_accuracy": 0.95,
    "split2_test_accuracy": 0.7333333333333333,
    "split3_test_accuracy": 0.8833333333333333,
    "split4_test_accuracy": 0.8813559322033898,
    "mean_test_accuracy": 0.8696045197740114,
    "std_test_accuracy": 0.0725034216140422,
    "rank_test_accuracy": 1,
    "split0_train_accuracy": 0.9832635983263598,
    "split1_train_accuracy": 0.9748953974895398,
    "split2_train_accuracy": 0.9916317991631799,
    "split3_train_accuracy": 0.9790794979079498,
    "split4_train_accuracy": 0.9875,
    "mean_train_accuracy": 0.9832740585774058,
    "std_train_accuracy": 0.005924640391757335,
    "split0_test_precision": 0.9337121212121212,
    "split1_test_precision": 0.9661904761904762,
    "split2_test_precision": 0.7724449463579899,
    "split3_test_precision": 0.9097826086956521,
    "split4_test_precision": 0.9074448942869996,
    "mean_test_precision": 0.8979150093486478,
    "std_test_precision": 0.06620780606290248,
    "rank_test_precision": 1,
    "split0_train_precision": 0.9905660377358491,
    "split1_train_precision": 0.9861111111111112,
    "split2_train_precision": 0.9951923076923077,
    "split3_train_precision": 0.9884259259259259,
    "split4_train_precision": 0.9929245283018868,
    "mean_train_precision": 0.9906439821534161,
    "std_train_precision": 0.003205024948100802,
    "split0_test_recall": 0.9365384615384615,
    "split1_test_recall": 0.9682692307692308,
    "split2_test_recall": 0.8106837606837607,
    "split3_test_recall": 0.8724999999999999,
    "split4_test_recall": 0.9047222222222222,
    "mean_test_recall": 0.8985427350427351,
    "std_test_recall": 0.054297456522296776,
    "rank_test_recall": 1,
    "split0_train_recall": 0.9875,
    "split1_train_recall": 0.98125,
    "split2_train_recall": 0.99375,
    "split3_train_recall": 0.984375,
    "split4_train_recall": 0.990625,
    "mean_train_recall": 0.9875,
    "std_train_recall": 0.004419417382415938,
    "split0_test_f1_score": 0.9342857142857143,
    "split1_test_f1_score": 0.9670014347202296,
    "split2_test_f1_score": 0.7837635054021608,
    "split3_test_f1_score": 0.8869024547803618,
    "split4_test_f1_score": 0.9058572146807441,
    "mean_test_f1_score": 0.8955620647738423,
    "std_test_f1_score": 0.06210153209749861,
    "rank_test_f1_score": 1,
    "split0_train_f1_score": 0.9887820512820513,
    "split1_train_f1_score": 0.9831168831168831,
    "split2_train_f1_score": 0.9944082585719553,
    "split3_train_f1_score": 0.986011313254854,
    "split4_train_f1_score": 0.9916344131898942,
    "mean_train_f1_score": 0.9887905838831277,
    "std_train_f1_score": 0.003989008208837598,
    "rank_train_f1_score": 1,
    "rank_train_precision": 1,
    "rank_train_recall": 2,
    "rank_train_accuracy": 1
}