{
    "mean_fit_time": 0.0004909992218017578,
    "std_fit_time": 0.00010180295768457963,
    "mean_score_time": 0.03298501968383789,
    "std_score_time": 0.002780327124181405,
    "param_metric": "cosine",
    "param_n_neighbors": 36,
    "param_weights": "distance",
    "params": {
        "metric": "cosine",
        "n_neighbors": 36,
        "weights": "distance"
    },
    "split0_test_accuracy": 0.9,
    "split1_test_accuracy": 0.95,
    "split2_test_accuracy": 0.7333333333333333,
    "split3_test_accuracy": 0.8833333333333333,
    "split4_test_accuracy": 0.8813559322033898,
    "mean_test_accuracy": 0.8696045197740114,
    "std_test_accuracy": 0.0725034216140422,
    "rank_test_accuracy": 1,
    "split0_train_accuracy": 0.9790794979079498,
    "split1_train_accuracy": 0.9707112970711297,
    "split2_train_accuracy": 0.9916317991631799,
    "split3_train_accuracy": 0.9748953974895398,
    "split4_train_accuracy": 0.9833333333333333,
    "mean_train_accuracy": 0.9799302649930265,
    "std_train_accuracy": 0.007205134849810164,
    "split0_test_precision": 0.9337121212121212,
    "split1_test_precision": 0.9661904761904762,
    "split2_test_precision": 0.7724449463579899,
    "split3_test_precision": 0.9097826086956521,
    "split4_test_precision": 0.9074448942869996,
    "mean_test_precision": 0.8979150093486478,
    "std_test_precision": 0.06620780606290248,
    "rank_test_precision": 1,
    "split0_train_precision": 0.9883177570093458,
    "split1_train_precision": 0.9839449541284404,
    "split2_train_precision": 0.9951923076923077,
    "split3_train_precision": 0.9862385321100917,
    "split4_train_precision": 0.9906542056074766,
    "mean_train_precision": 0.9888695513095325,
    "std_train_precision": 0.0038636934560769675,
    "split0_test_recall": 0.9365384615384615,
    "split1_test_recall": 0.9682692307692308,
    "split2_test_recall": 0.8106837606837607,
    "split3_test_recall": 0.8724999999999999,
    "split4_test_recall": 0.9047222222222222,
    "mean_test_recall": 0.8985427350427351,
    "std_test_recall": 0.054297456522296776,
    "rank_test_recall": 1,
    "split0_train_recall": 0.984375,
    "split1_train_recall": 0.978125,
    "split2_train_recall": 0.99375,
    "split3_train_recall": 0.98125,
    "split4_train_recall": 0.9875,
    "mean_train_recall": 0.985,
    "std_train_recall": 0.005376453291901654,
    "split0_test_f1_score": 0.9342857142857143,
    "split1_test_f1_score": 0.9670014347202296,
    "split2_test_f1_score": 0.7837635054021608,
    "split3_test_f1_score": 0.8869024547803618,
    "split4_test_f1_score": 0.9058572146807441,
    "mean_test_f1_score": 0.8955620647738423,
    "std_test_f1_score": 0.06210153209749861,
    "rank_test_f1_score": 1,
    "split0_train_f1_score": 0.9859546226269487,
    "split1_train_f1_score": 0.9802682526407087,
    "split2_train_f1_score": 0.9944082585719553,
    "split3_train_f1_score": 0.983184268561627,
    "split4_train_f1_score": 0.9888278388278389,
    "mean_train_f1_score": 0.9865286482458157,
    "std_train_f1_score": 0.004859659869576095,
    "rank_train_f1_score": 2,
    "rank_train_accuracy": 1,
    "rank_train_recall": 2,
    "rank_train_precision": 1,
    "embedding_generation_time": 1.7784900665283203,
    "embedding_generation_size": 459392
}