{
    "mean_fit_time": 1.0614583015441894,
    "std_fit_time": 0.41294933585148597,
    "mean_score_time": 1.7940948963165284,
    "std_score_time": 0.7408591424819921,
    "param_metric": "cosine",
    "param_n_neighbors": 12,
    "param_weights": "distance",
    "params": {
        "metric": "cosine",
        "n_neighbors": 12,
        "weights": "distance"
    },
    "split0_test_accuracy": 0.8494061757719715,
    "split1_test_accuracy": 0.8356294536817103,
    "split2_test_accuracy": 0.8266033254156769,
    "split3_test_accuracy": 0.8513064133016627,
    "split4_test_accuracy": 0.8502851711026616,
    "mean_test_accuracy": 0.8426461078547366,
    "std_test_accuracy": 0.00985554666323825,
    "rank_test_accuracy": 1,
    "split0_train_accuracy": 1.0,
    "split1_train_accuracy": 1.0,
    "split2_train_accuracy": 1.0,
    "split3_train_accuracy": 1.0,
    "split4_train_accuracy": 1.0,
    "mean_train_accuracy": 1.0,
    "std_train_accuracy": 0.0,
    "split0_test_precision": 0.8578582327534413,
    "split1_test_precision": 0.857385524490313,
    "split2_test_precision": 0.8408546939386172,
    "split3_test_precision": 0.8701564166650428,
    "split4_test_precision": 0.8616111056708702,
    "mean_test_precision": 0.8575731947036569,
    "std_test_precision": 0.009531704302359367,
    "rank_test_precision": 8,
    "split0_train_precision": 1.0,
    "split1_train_precision": 1.0,
    "split2_train_precision": 1.0,
    "split3_train_precision": 1.0,
    "split4_train_precision": 1.0,
    "mean_train_precision": 1.0,
    "std_train_precision": 0.0,
    "split0_test_recall": 0.8351197929658907,
    "split1_test_recall": 0.815566226499741,
    "split2_test_recall": 0.8004823882419263,
    "split3_test_recall": 0.8427936465423862,
    "split4_test_recall": 0.8392468843755374,
    "mean_test_recall": 0.8266417877250962,
    "std_test_recall": 0.01611601573255768,
    "rank_test_recall": 2,
    "split0_train_recall": 1.0,
    "split1_train_recall": 1.0,
    "split2_train_recall": 1.0,
    "split3_train_recall": 1.0,
    "split4_train_recall": 1.0,
    "mean_train_recall": 1.0,
    "std_train_recall": 0.0,
    "split0_test_f1_score": 0.8434323717892194,
    "split1_test_f1_score": 0.832387392017288,
    "split2_test_f1_score": 0.8146228926839175,
    "split3_test_f1_score": 0.8538342529111262,
    "split4_test_f1_score": 0.8479919849808824,
    "mean_test_f1_score": 0.8384537788764866,
    "std_test_f1_score": 0.013834991368696311,
    "rank_test_f1_score": 1,
    "split0_train_f1_score": 1.0,
    "split1_train_f1_score": 1.0,
    "split2_train_f1_score": 1.0,
    "split3_train_f1_score": 1.0,
    "split4_train_f1_score": 1.0,
    "mean_train_f1_score": 1.0,
    "std_train_f1_score": 0.0,
    "rank_train_f1_score": 1,
    "rank_train_accuracy": 1,
    "rank_train_recall": 1,
    "rank_train_precision": 1,
    "embedding_generation_time": 398.2859613895416,
    "embedding_generation_size": 85176,
    "system_prompt": "You are an intelligent assistant that follows the user\u2019s instructions closely. Respond to the user's queries in a clear, concise, and helpful manner. Ensure that all answers are accurate, relevant, and tailored to the user's needs. Stay focused on providing valuable information and completing tasks as requested by the user.",
    "user_prompt": ""
}