{
    "mean_fit_time": 0.019513750076293947,
    "std_fit_time": 0.005057628125572759,
    "mean_score_time": 0.05194220542907715,
    "std_score_time": 0.012821370025657062,
    "param_metric": "cosine",
    "param_n_neighbors": 8,
    "param_weights": "distance",
    "params": {
        "metric": "cosine",
        "n_neighbors": 8,
        "weights": "distance"
    },
    "split0_test_accuracy": 0.8833333333333333,
    "split1_test_accuracy": 0.9333333333333333,
    "split2_test_accuracy": 0.7666666666666667,
    "split3_test_accuracy": 0.9,
    "split4_test_accuracy": 0.847457627118644,
    "mean_test_accuracy": 0.8661581920903956,
    "std_test_accuracy": 0.056922803517952716,
    "rank_test_accuracy": 1,
    "split0_train_accuracy": 0.9790794979079498,
    "split1_train_accuracy": 0.9707112970711297,
    "split2_train_accuracy": 0.9916317991631799,
    "split3_train_accuracy": 0.9748953974895398,
    "split4_train_accuracy": 0.9833333333333333,
    "mean_train_accuracy": 0.9799302649930265,
    "std_train_accuracy": 0.007205134849810164,
    "split0_test_precision": 0.9291187739463601,
    "split1_test_precision": 0.9593253968253969,
    "split2_test_precision": 0.8185185185185185,
    "split3_test_precision": 0.912878787878788,
    "split4_test_precision": 0.8689064558629777,
    "mean_test_precision": 0.8977495866064082,
    "std_test_precision": 0.04922192070828712,
    "rank_test_precision": 1,
    "split0_train_precision": 0.9854265547036631,
    "split1_train_precision": 0.9798892539856395,
    "split2_train_precision": 0.9944240196078431,
    "split3_train_precision": 0.9825581395348837,
    "split4_train_precision": 0.9883784110118329,
    "mean_train_precision": 0.9861352757687725,
    "std_train_precision": 0.005020874574169164,
    "split0_test_recall": 0.902991452991453,
    "split1_test_recall": 0.9528846153846153,
    "split2_test_recall": 0.8117521367521368,
    "split3_test_recall": 0.8975,
    "split4_test_recall": 0.8847222222222222,
    "mean_test_recall": 0.8899700854700854,
    "std_test_recall": 0.0454534515073004,
    "rank_test_recall": 1,
    "split0_train_recall": 0.9870710784313725,
    "split1_train_recall": 0.9814950980392156,
    "split2_train_recall": 0.9944240196078431,
    "split3_train_recall": 0.9854368932038835,
    "split4_train_recall": 0.9895934466019418,
    "mean_train_recall": 0.9876041071768512,
    "std_train_recall": 0.004307426275781525,
    "split0_test_f1_score": 0.9140022516183506,
    "split1_test_f1_score": 0.9551656920077973,
    "split2_test_f1_score": 0.8097019725557462,
    "split3_test_f1_score": 0.8990896810045746,
    "split4_test_f1_score": 0.8732811306340718,
    "mean_test_f1_score": 0.890248145564108,
    "std_test_f1_score": 0.04823335717442613,
    "rank_test_f1_score": 1,
    "split0_train_f1_score": 0.9861123828709215,
    "split1_train_f1_score": 0.9805573360192901,
    "split2_train_f1_score": 0.9944240196078431,
    "split3_train_f1_score": 0.9834638554216868,
    "split4_train_f1_score": 0.9889251997095134,
    "mean_train_f1_score": 0.9866965587258509,
    "std_train_f1_score": 0.004757355984993514,
    "rank_train_f1_score": 3,
    "rank_train_accuracy": 1,
    "rank_train_recall": 3,
    "rank_train_precision": 7,
    "embedding_generation_time": 19.305087327957153,
    "embedding_generation_size": 2520,
    "system_prompt": "You are an intelligent assistant that follows the user\u2019s instructions closely. Respond to the user's queries in a clear, concise, and helpful manner. Ensure that all answers are accurate, relevant, and tailored to the user's needs. Stay focused on providing valuable information and completing tasks as requested by the user.",
    "user_prompt": "Please classify the given text into one of the following categories: {classes}. Analyze the content carefully and determine which category best represents the overall topic and message of the text."
}