{
    "mean_fit_time": 0.005053377151489258,
    "std_fit_time": 0.0003828424728449735,
    "mean_score_time": 0.21007938385009767,
    "std_score_time": 0.012629296029617485,
    "param_metric": "cosine",
    "param_n_neighbors": 11,
    "param_weights": "distance",
    "params": {
        "metric": "cosine",
        "n_neighbors": 11,
        "weights": "distance"
    },
    "split0_test_accuracy": 0.7252631578947368,
    "split1_test_accuracy": 0.7205263157894737,
    "split2_test_accuracy": 0.7221052631578947,
    "split3_test_accuracy": 0.7336842105263158,
    "split4_test_accuracy": 0.7426315789473684,
    "mean_test_accuracy": 0.7288421052631578,
    "std_test_accuracy": 0.008257624697875882,
    "rank_test_accuracy": 1,
    "split0_train_accuracy": 1.0,
    "split1_train_accuracy": 1.0,
    "split2_train_accuracy": 1.0,
    "split3_train_accuracy": 1.0,
    "split4_train_accuracy": 1.0,
    "mean_train_accuracy": 1.0,
    "std_train_accuracy": 0.0,
    "split0_test_precision": 0.7172609952800646,
    "split1_test_precision": 0.7129965933736908,
    "split2_test_precision": 0.7108153393179202,
    "split3_test_precision": 0.7253640167222213,
    "split4_test_precision": 0.7386412802911372,
    "mean_test_precision": 0.7210156449970069,
    "std_test_precision": 0.010119487887867519,
    "rank_test_precision": 1,
    "split0_train_precision": 1.0,
    "split1_train_precision": 1.0,
    "split2_train_precision": 1.0,
    "split3_train_precision": 1.0,
    "split4_train_precision": 1.0,
    "mean_train_precision": 1.0,
    "std_train_precision": 0.0,
    "split0_test_recall": 0.7200000000000001,
    "split1_test_recall": 0.7175,
    "split2_test_recall": 0.7155555555555556,
    "split3_test_recall": 0.7286111111111111,
    "split4_test_recall": 0.7366666666666666,
    "mean_test_recall": 0.7236666666666667,
    "std_test_recall": 0.007883018159857374,
    "rank_test_recall": 1,
    "split0_train_recall": 1.0,
    "split1_train_recall": 1.0,
    "split2_train_recall": 1.0,
    "split3_train_recall": 1.0,
    "split4_train_recall": 1.0,
    "mean_train_recall": 1.0,
    "std_train_recall": 0.0,
    "split0_test_f1_score": 0.711309816781735,
    "split1_test_f1_score": 0.7082792051789364,
    "split2_test_f1_score": 0.7066875649621573,
    "split3_test_f1_score": 0.7192928671105916,
    "split4_test_f1_score": 0.7299838776817273,
    "mean_test_f1_score": 0.7151106663430294,
    "std_test_f1_score": 0.008611238873499244,
    "rank_test_f1_score": 1,
    "split0_train_f1_score": 1.0,
    "split1_train_f1_score": 1.0,
    "split2_train_f1_score": 1.0,
    "split3_train_f1_score": 1.0,
    "split4_train_f1_score": 1.0,
    "mean_train_f1_score": 1.0,
    "std_train_f1_score": 0.0,
    "rank_train_f1_score": 1,
    "rank_train_precision": 1,
    "rank_train_recall": 1,
    "rank_train_accuracy": 1
}