{
    "mean_fit_time": 0.03612098693847656,
    "std_fit_time": 0.01792733961966615,
    "mean_score_time": 0.4174130916595459,
    "std_score_time": 0.053592638258806294,
    "param_metric": "cosine",
    "param_n_neighbors": 11,
    "param_weights": "distance",
    "params": {
        "metric": "cosine",
        "n_neighbors": 11,
        "weights": "distance"
    },
    "split0_test_accuracy": 0.7273684210526316,
    "split1_test_accuracy": 0.7131578947368421,
    "split2_test_accuracy": 0.7236842105263158,
    "split3_test_accuracy": 0.7310526315789474,
    "split4_test_accuracy": 0.7231578947368421,
    "mean_test_accuracy": 0.7236842105263157,
    "std_test_accuracy": 0.0059824304161611936,
    "rank_test_accuracy": 1,
    "split0_train_accuracy": 1.0,
    "split1_train_accuracy": 1.0,
    "split2_train_accuracy": 1.0,
    "split3_train_accuracy": 1.0,
    "split4_train_accuracy": 1.0,
    "mean_train_accuracy": 1.0,
    "std_train_accuracy": 0.0,
    "split0_test_precision": 0.7219317514015874,
    "split1_test_precision": 0.7126138276291294,
    "split2_test_precision": 0.7232617204303012,
    "split3_test_precision": 0.7233796788500128,
    "split4_test_precision": 0.714237802919303,
    "mean_test_precision": 0.7190849562460666,
    "std_test_precision": 0.00467685032694326,
    "rank_test_precision": 1,
    "split0_train_precision": 1.0,
    "split1_train_precision": 1.0,
    "split2_train_precision": 1.0,
    "split3_train_precision": 1.0,
    "split4_train_precision": 1.0,
    "mean_train_precision": 1.0,
    "std_train_precision": 0.0,
    "split0_test_recall": 0.7197222222222224,
    "split1_test_recall": 0.7102777777777779,
    "split2_test_recall": 0.7158333333333332,
    "split3_test_recall": 0.7272222222222221,
    "split4_test_recall": 0.7177777777777777,
    "mean_test_recall": 0.7181666666666666,
    "std_test_recall": 0.005518207796372843,
    "rank_test_recall": 1,
    "split0_train_recall": 1.0,
    "split1_train_recall": 1.0,
    "split2_train_recall": 1.0,
    "split3_train_recall": 1.0,
    "split4_train_recall": 1.0,
    "mean_train_recall": 1.0,
    "std_train_recall": 0.0,
    "split0_test_f1_score": 0.7089647264384209,
    "split1_test_f1_score": 0.6989699963970215,
    "split2_test_f1_score": 0.7077799812315722,
    "split3_test_f1_score": 0.7167551219314428,
    "split4_test_f1_score": 0.7080860366211484,
    "mean_test_f1_score": 0.7081111725239212,
    "std_test_f1_score": 0.005641238093069408,
    "rank_test_f1_score": 1,
    "split0_train_f1_score": 1.0,
    "split1_train_f1_score": 1.0,
    "split2_train_f1_score": 1.0,
    "split3_train_f1_score": 1.0,
    "split4_train_f1_score": 1.0,
    "mean_train_f1_score": 1.0,
    "std_train_f1_score": 0.0,
    "rank_train_accuracy": 1,
    "rank_train_f1_score": 1,
    "rank_train_recall": 1,
    "rank_train_precision": 1,
    "embedding_generation_time": 4.272043704986572,
    "embedding_generation_size": 29184128
}