{
    "mean_fit_time": 0.003533744812011719,
    "std_fit_time": 0.0005648702538311763,
    "mean_score_time": 0.08702888488769531,
    "std_score_time": 0.021598127991617214,
    "param_metric": "cosine",
    "param_n_neighbors": 11,
    "param_weights": "distance",
    "params": {
        "metric": "cosine",
        "n_neighbors": 11,
        "weights": "distance"
    },
    "split0_test_accuracy": 0.7966666666666666,
    "split1_test_accuracy": 0.7883333333333333,
    "split2_test_accuracy": 0.8158333333333333,
    "split3_test_accuracy": 0.7941666666666667,
    "split4_test_accuracy": 0.8,
    "mean_test_accuracy": 0.799,
    "std_test_accuracy": 0.009240610850419396,
    "rank_test_accuracy": 1,
    "split0_train_accuracy": 1.0,
    "split1_train_accuracy": 1.0,
    "split2_train_accuracy": 1.0,
    "split3_train_accuracy": 1.0,
    "split4_train_accuracy": 1.0,
    "mean_train_accuracy": 1.0,
    "std_train_accuracy": 0.0,
    "split0_test_precision": 0.8040199598688909,
    "split1_test_precision": 0.7984919658266766,
    "split2_test_precision": 0.8202979162155494,
    "split3_test_precision": 0.8032042360518403,
    "split4_test_precision": 0.8070934542288626,
    "mean_test_precision": 0.8066215064383639,
    "std_test_precision": 0.007372952341026928,
    "rank_test_precision": 1,
    "split0_train_precision": 1.0,
    "split1_train_precision": 1.0,
    "split2_train_precision": 1.0,
    "split3_train_precision": 1.0,
    "split4_train_precision": 1.0,
    "mean_train_precision": 1.0,
    "std_train_precision": 0.0,
    "split0_test_recall": 0.7966666666666667,
    "split1_test_recall": 0.7883333333333334,
    "split2_test_recall": 0.8158333333333334,
    "split3_test_recall": 0.7941666666666668,
    "split4_test_recall": 0.8000000000000002,
    "mean_test_recall": 0.7990000000000002,
    "std_test_recall": 0.009240610850419396,
    "rank_test_recall": 1,
    "split0_train_recall": 1.0,
    "split1_train_recall": 1.0,
    "split2_train_recall": 1.0,
    "split3_train_recall": 1.0,
    "split4_train_recall": 1.0,
    "mean_train_recall": 1.0,
    "std_train_recall": 0.0,
    "split0_test_f1_score": 0.7937384344219788,
    "split1_test_f1_score": 0.7848773567412346,
    "split2_test_f1_score": 0.8135667931317491,
    "split3_test_f1_score": 0.7901588018578933,
    "split4_test_f1_score": 0.7971598432752209,
    "mean_test_f1_score": 0.7959002458856153,
    "std_test_f1_score": 0.009724558299489578,
    "rank_test_f1_score": 1,
    "split0_train_f1_score": 1.0,
    "split1_train_f1_score": 1.0,
    "split2_train_f1_score": 1.0,
    "split3_train_f1_score": 1.0,
    "split4_train_f1_score": 1.0,
    "mean_train_f1_score": 1.0,
    "std_train_f1_score": 0.0,
    "rank_train_accuracy": 1,
    "rank_train_f1_score": 1,
    "rank_train_recall": 1,
    "rank_train_precision": 1,
    "embedding_generation_time": 2.609954595565796,
    "embedding_generation_size": 9216128
}