{
    "mean_fit_time": 0.024683427810668946,
    "std_fit_time": 0.009366527973533439,
    "mean_score_time": 0.04762492179870605,
    "std_score_time": 0.012628396674860928,
    "param_metric": "cosine",
    "param_n_neighbors": 8,
    "param_weights": "distance",
    "params": {
        "metric": "cosine",
        "n_neighbors": 8,
        "weights": "distance"
    },
    "split0_test_accuracy": 0.7611940298507462,
    "split1_test_accuracy": 0.835820895522388,
    "split2_test_accuracy": 0.7910447761194029,
    "split3_test_accuracy": 0.8208955223880597,
    "split4_test_accuracy": 0.8636363636363636,
    "mean_test_accuracy": 0.8145183175033921,
    "std_test_accuracy": 0.03550081077126304,
    "rank_test_accuracy": 1,
    "split0_train_accuracy": 0.9962546816479401,
    "split1_train_accuracy": 0.9925093632958801,
    "split2_train_accuracy": 0.9962546816479401,
    "split3_train_accuracy": 0.9962546816479401,
    "split4_train_accuracy": 0.996268656716418,
    "mean_train_accuracy": 0.9955084129912237,
    "std_train_accuracy": 0.0014995346158611568,
    "split0_test_precision": 0.7594059011164275,
    "split1_test_precision": 0.8210445468509984,
    "split2_test_precision": 0.7266440456095629,
    "split3_test_precision": 0.7875000000000001,
    "split4_test_precision": 0.8460289710289711,
    "mean_test_precision": 0.7881246929211919,
    "std_test_precision": 0.04252446694262244,
    "rank_test_precision": 1,
    "split0_train_precision": 0.9956896551724138,
    "split1_train_precision": 0.990806342780027,
    "split2_train_precision": 0.9952830188679245,
    "split3_train_precision": 0.9952830188679245,
    "split4_train_precision": 0.9956896551724138,
    "mean_train_precision": 0.9945503381721407,
    "std_train_precision": 0.0018808099294899364,
    "split0_test_recall": 0.7404354904354904,
    "split1_test_recall": 0.7994505494505494,
    "split2_test_recall": 0.7417582417582417,
    "split3_test_recall": 0.7846153846153846,
    "split4_test_recall": 0.8437627187627187,
    "mean_test_recall": 0.782004477004477,
    "std_test_recall": 0.03866006415743158,
    "rank_test_recall": 1,
    "split0_train_recall": 0.9951923076923077,
    "split1_train_recall": 0.990806342780027,
    "split2_train_recall": 0.9956140350877193,
    "split3_train_recall": 0.9955357142857143,
    "split4_train_recall": 0.9951923076923077,
    "mean_train_recall": 0.9944681415076152,
    "std_train_recall": 0.0018390425215819674,
    "split0_test_f1_score": 0.7417788461538461,
    "split1_test_f1_score": 0.7894859377910226,
    "split2_test_f1_score": 0.7309986504723347,
    "split3_test_f1_score": 0.777904907195525,
    "split4_test_f1_score": 0.8415488215488214,
    "mean_test_f1_score": 0.77634343263231,
    "std_test_f1_score": 0.03918613605849569,
    "rank_test_f1_score": 1,
    "split0_train_f1_score": 0.9953989024905023,
    "split1_train_f1_score": 0.990806342780027,
    "split2_train_f1_score": 0.9954066582385166,
    "split3_train_f1_score": 0.9953667953667954,
    "split4_train_f1_score": 0.9953989024905023,
    "mean_train_f1_score": 0.9944755202732687,
    "std_train_f1_score": 0.0018346401346195996,
    "rank_train_f1_score": 2,
    "rank_train_accuracy": 1,
    "rank_train_recall": 2,
    "rank_train_precision": 5,
    "embedding_generation_time": 21.993319511413574,
    "embedding_generation_size": 2872,
    "system_prompt": "You are an intelligent assistant that follows the user\u2019s instructions closely. Respond to the user's queries in a clear, concise, and helpful manner. Ensure that all answers are accurate, relevant, and tailored to the user's needs. Stay focused on providing valuable information and completing tasks as requested by the user.",
    "user_prompt": ""
}