{
    "mean_fit_time": 1.9553246974945069,
    "std_fit_time": 1.1336023637567567,
    "mean_score_time": 2.5498125076293947,
    "std_score_time": 1.8209765339801507,
    "param_metric": "cosine",
    "param_n_neighbors": 11,
    "param_weights": "distance",
    "params": {
        "metric": "cosine",
        "n_neighbors": 11,
        "weights": "distance"
    },
    "split0_test_accuracy": 0.04180522565320665,
    "split1_test_accuracy": 0.04180522565320665,
    "split2_test_accuracy": 0.04228028503562945,
    "split3_test_accuracy": 0.04228028503562945,
    "split4_test_accuracy": 0.04182509505703422,
    "mean_test_accuracy": 0.041999223286941285,
    "std_test_accuracy": 0.00022960061732980777,
    "rank_test_accuracy": 1,
    "split0_train_accuracy": 0.0420477491388526,
    "split1_train_accuracy": 0.0420477491388526,
    "split2_train_accuracy": 0.04192897018648296,
    "split3_train_accuracy": 0.04192897018648296,
    "split4_train_accuracy": 0.04204275534441805,
    "mean_train_accuracy": 0.04199923879901783,
    "std_train_accuracy": 5.7403051627054004e-05,
    "split0_test_precision": 0.0026128266033254156,
    "split1_test_precision": 0.0026128266033254156,
    "split2_test_precision": 0.0026425178147268407,
    "split3_test_precision": 0.0026425178147268407,
    "split4_test_precision": 0.0026140684410646386,
    "mean_test_precision": 0.0026249514554338303,
    "std_test_precision": 1.4350038583112985e-05,
    "rank_test_precision": 1,
    "split0_train_precision": 0.0026279843211782874,
    "split1_train_precision": 0.0026279843211782874,
    "split2_train_precision": 0.002620560636655185,
    "split3_train_precision": 0.002620560636655185,
    "split4_train_precision": 0.002627672209026128,
    "mean_train_precision": 0.0026249524249386145,
    "std_train_precision": 3.5876907266908752e-06,
    "split0_test_recall": 0.0625,
    "split1_test_recall": 0.0625,
    "split2_test_recall": 0.0625,
    "split3_test_recall": 0.0625,
    "split4_test_recall": 0.0625,
    "mean_test_recall": 0.0625,
    "std_test_recall": 0.0,
    "rank_test_recall": 1,
    "split0_train_recall": 0.0625,
    "split1_train_recall": 0.0625,
    "split2_train_recall": 0.0625,
    "split3_train_recall": 0.0625,
    "split4_train_recall": 0.0625,
    "mean_train_recall": 0.0625,
    "std_train_recall": 0.0,
    "split0_test_f1_score": 0.005015959872321021,
    "split1_test_f1_score": 0.005015959872321021,
    "split2_test_f1_score": 0.005070647219690064,
    "split3_test_f1_score": 0.005070647219690064,
    "split4_test_f1_score": 0.005018248175182482,
    "mean_test_f1_score": 0.005038292471840931,
    "std_test_f1_score": 2.6430751967839355e-05,
    "rank_test_f1_score": 1,
    "split0_train_f1_score": 0.005043884646073179,
    "split1_train_f1_score": 0.005043884646073179,
    "split2_train_f1_score": 0.005030209758321934,
    "split3_train_f1_score": 0.005030209758321934,
    "split4_train_f1_score": 0.005043309778892182,
    "mean_train_f1_score": 0.005038299717536482,
    "std_train_f1_score": 6.608758559578364e-06,
    "rank_train_f1_score": 1,
    "rank_train_accuracy": 1,
    "rank_train_recall": 1,
    "rank_train_precision": 1,
    "embedding_generation_time": 288.07544898986816,
    "embedding_generation_size": 85176,
    "system_prompt": "You are an intelligent assistant that follows the user\u2019s instructions closely. Respond to the user's queries in a clear, concise, and helpful manner. Ensure that all answers are accurate, relevant, and tailored to the user's needs. Stay focused on providing valuable information and completing tasks as requested by the user.",
    "user_prompt": ""
}