{
    "mean_fit_time": 0.010843896865844726,
    "std_fit_time": 0.0008546610275848904,
    "mean_score_time": 0.3287193775177002,
    "std_score_time": 0.03635599433039846,
    "param_metric": "cosine",
    "param_n_neighbors": 12,
    "param_weights": "distance",
    "params": {
        "metric": "cosine",
        "n_neighbors": 12,
        "weights": "distance"
    },
    "split0_test_accuracy": 0.6167773083886542,
    "split1_test_accuracy": 0.6089318044659022,
    "split2_test_accuracy": 0.6086956521739131,
    "split3_test_accuracy": 0.5917874396135265,
    "split4_test_accuracy": 0.6159420289855072,
    "mean_test_accuracy": 0.6084268467255007,
    "std_test_accuracy": 0.008982263435411107,
    "rank_test_accuracy": 1,
    "split0_train_accuracy": 0.9983396226415094,
    "split1_train_accuracy": 0.9977358490566037,
    "split2_train_accuracy": 0.9978871113794144,
    "split3_train_accuracy": 0.9986417144581949,
    "split4_train_accuracy": 0.9986417144581949,
    "mean_train_accuracy": 0.9982492023987835,
    "std_train_accuracy": 0.00037708057868214443,
    "split0_test_precision": 0.46934408562961194,
    "split1_test_precision": 0.5330243187243248,
    "split2_test_precision": 0.48633814887543986,
    "split3_test_precision": 0.4726044192273585,
    "split4_test_precision": 0.4734592426405967,
    "mean_test_precision": 0.4869540430194664,
    "std_test_precision": 0.02375281696402079,
    "rank_test_precision": 12,
    "split0_train_precision": 0.9969743989008383,
    "split1_train_precision": 0.9969862619997397,
    "split2_train_precision": 0.9967842769252773,
    "split3_train_precision": 0.9988465067458112,
    "split4_train_precision": 0.9976263304887361,
    "mean_train_precision": 0.9974435550120806,
    "std_train_precision": 0.0007570406057319832,
    "split0_test_recall": 0.4885465927335272,
    "split1_test_recall": 0.48647100122072967,
    "split2_test_recall": 0.49271529130563135,
    "split3_test_recall": 0.5024235486273562,
    "split4_test_recall": 0.5095242003524374,
    "mean_test_recall": 0.4959361268479364,
    "std_test_recall": 0.008732582459561553,
    "rank_test_recall": 4,
    "split0_train_recall": 0.9961828330859989,
    "split1_train_recall": 0.9944918995354204,
    "split2_train_recall": 0.9957903306364949,
    "split3_train_recall": 0.9965906240371221,
    "split4_train_recall": 0.9975417085859556,
    "mean_train_recall": 0.9961194791761983,
    "std_train_recall": 0.0010006080091728316,
    "split0_test_f1_score": 0.4679087405012557,
    "split1_test_f1_score": 0.467887650925169,
    "split2_test_f1_score": 0.4642434098455296,
    "split3_test_f1_score": 0.47671516688029103,
    "split4_test_f1_score": 0.47721160950590136,
    "mean_test_f1_score": 0.4707933155316293,
    "std_test_f1_score": 0.0052139763203090245,
    "rank_test_f1_score": 1,
    "split0_train_f1_score": 0.9965752675696383,
    "split1_train_f1_score": 0.9957091891945195,
    "split2_train_f1_score": 0.996272518216878,
    "split3_train_f1_score": 0.9977057549722254,
    "split4_train_f1_score": 0.9975790549984679,
    "mean_train_f1_score": 0.9967683569903458,
    "std_train_f1_score": 0.0007669318444534452,
    "rank_train_f1_score": 12,
    "rank_train_accuracy": 4,
    "rank_train_recall": 12,
    "rank_train_precision": 2,
    "embedding_generation_time": 29.644312143325806,
    "embedding_generation_size": 25442432
}