{
    "fit_time": [
        0.0032241344451904297,
        0.003947257995605469,
        0.0025827884674072266,
        0.0028030872344970703,
        0.0038137435913085938
    ],
    "score_time": [
        0.10239195823669434,
        0.12703776359558105,
        0.07367658615112305,
        0.062165021896362305,
        0.10708880424499512
    ],
    "test_accuracy": [
        0.9,
        0.9333333333333333,
        0.7833333333333333,
        0.85,
        0.9322033898305084
    ],
    "train_accuracy": [
        0.895397489539749,
        0.895397489539749,
        0.9330543933054394,
        0.899581589958159,
        0.9
    ],
    "test_precision": [
        0.9365079365079365,
        0.9557692307692308,
        0.7871572871572872,
        0.878859649122807,
        0.9251893939393939
    ],
    "train_precision": [
        0.9036281179138321,
        0.887023032104408,
        0.937737166991553,
        0.9041256888232657,
        0.9031498589048095
    ],
    "test_recall": [
        0.9307692307692308,
        0.9557692307692308,
        0.8452991452991453,
        0.8600000000000001,
        0.9244444444444444
    ],
    "train_recall": [
        0.9103669846316905,
        0.9060612082670907,
        0.9423854001059884,
        0.9233110841423947,
        0.9203670296510102
    ],
    "test_f1_score": [
        0.9327485380116959,
        0.9557692307692308,
        0.808531746031746,
        0.8646231546231546,
        0.9188118429189858
    ],
    "train_f1_score": [
        0.906596224523889,
        0.8941623528117956,
        0.9399869319230059,
        0.9119845464612906,
        0.9112229351199939
    ],
    "embedding_generation_time": 11.326947689056396
}