{
    "mean_fit_time": 0.00677800178527832,
    "std_fit_time": 0.0012129473920326767,
    "mean_score_time": 0.15639686584472656,
    "std_score_time": 0.016315226858959683,
    "param_metric": "cosine",
    "param_n_neighbors": 8,
    "param_weights": "distance",
    "params": {
        "metric": "cosine",
        "n_neighbors": 8,
        "weights": "distance"
    },
    "split0_test_accuracy": 0.8738461538461538,
    "split1_test_accuracy": 0.8746153846153846,
    "split2_test_accuracy": 0.8661538461538462,
    "split3_test_accuracy": 0.87,
    "split4_test_accuracy": 0.8823076923076923,
    "mean_test_accuracy": 0.8733846153846153,
    "std_test_accuracy": 0.005386812738465116,
    "rank_test_accuracy": 1,
    "split0_train_accuracy": 1.0,
    "split1_train_accuracy": 1.0,
    "split2_train_accuracy": 1.0,
    "split3_train_accuracy": 1.0,
    "split4_train_accuracy": 1.0,
    "mean_train_accuracy": 1.0,
    "std_train_accuracy": 0.0,
    "split0_test_precision": 0.8733084157349287,
    "split1_test_precision": 0.8752433257482122,
    "split2_test_precision": 0.866385675124277,
    "split3_test_precision": 0.8705041395437246,
    "split4_test_precision": 0.8812223050462765,
    "mean_test_precision": 0.8733327722394838,
    "std_test_precision": 0.004942850536160679,
    "rank_test_precision": 1,
    "split0_train_precision": 1.0,
    "split1_train_precision": 1.0,
    "split2_train_precision": 1.0,
    "split3_train_precision": 1.0,
    "split4_train_precision": 1.0,
    "mean_train_precision": 1.0,
    "std_train_precision": 0.0,
    "split0_test_recall": 0.8738461538461539,
    "split1_test_recall": 0.8746153846153846,
    "split2_test_recall": 0.8661538461538462,
    "split3_test_recall": 0.8699999999999999,
    "split4_test_recall": 0.8823076923076922,
    "mean_test_recall": 0.8733846153846153,
    "std_test_recall": 0.005386812738465095,
    "rank_test_recall": 1,
    "split0_train_recall": 1.0,
    "split1_train_recall": 1.0,
    "split2_train_recall": 1.0,
    "split3_train_recall": 1.0,
    "split4_train_recall": 1.0,
    "mean_train_recall": 1.0,
    "std_train_recall": 0.0,
    "split0_test_f1_score": 0.8727320801726219,
    "split1_test_f1_score": 0.8731355971685093,
    "split2_test_f1_score": 0.86494167414895,
    "split3_test_f1_score": 0.8688724621708678,
    "split4_test_f1_score": 0.8810399135583145,
    "mean_test_f1_score": 0.8721443454438527,
    "std_test_f1_score": 0.005348697750041955,
    "rank_test_f1_score": 1,
    "split0_train_f1_score": 1.0,
    "split1_train_f1_score": 1.0,
    "split2_train_f1_score": 1.0,
    "split3_train_f1_score": 1.0,
    "split4_train_f1_score": 1.0,
    "mean_train_f1_score": 1.0,
    "std_train_f1_score": 0.0,
    "rank_train_f1_score": 1,
    "rank_train_accuracy": 1,
    "rank_train_recall": 1,
    "rank_train_precision": 1,
    "embedding_generation_time": 4.155756235122681,
    "embedding_generation_size": 9984128
}