{
    "mean_fit_time": 0.012797069549560548,
    "std_fit_time": 0.0005375595189346852,
    "mean_score_time": 0.235709810256958,
    "std_score_time": 0.004260031591882901,
    "param_metric": "cosine",
    "param_n_neighbors": 4,
    "param_weights": "distance",
    "params": {
        "metric": "cosine",
        "n_neighbors": 4,
        "weights": "distance"
    },
    "split0_test_accuracy": 0.8877551020408163,
    "split1_test_accuracy": 0.8679138321995464,
    "split2_test_accuracy": 0.892229154849688,
    "split3_test_accuracy": 0.871242200794101,
    "split4_test_accuracy": 0.8576290414066932,
    "mean_test_accuracy": 0.875353866258169,
    "std_test_accuracy": 0.012845196220231381,
    "rank_test_accuracy": 1,
    "split0_train_accuracy": 0.9994328654473273,
    "split1_train_accuracy": 0.9994328654473273,
    "split2_train_accuracy": 0.9990076552310746,
    "split3_train_accuracy": 0.9991494187694925,
    "split4_train_accuracy": 0.9991494187694925,
    "mean_train_accuracy": 0.999234444732943,
    "std_train_accuracy": 0.0001700787269899935,
    "split0_test_precision": 0.8897579647112193,
    "split1_test_precision": 0.8765629019574547,
    "split2_test_precision": 0.8986852042002763,
    "split3_test_precision": 0.8737324907625852,
    "split4_test_precision": 0.8598168958847547,
    "mean_test_precision": 0.879711091503258,
    "std_test_precision": 0.013434213020761242,
    "rank_test_precision": 3,
    "split0_train_precision": 0.9990909090909091,
    "split1_train_precision": 0.9998251748251747,
    "split2_train_precision": 0.9996944965739973,
    "split3_train_precision": 0.999738014147236,
    "split4_train_precision": 0.999738014147236,
    "mean_train_precision": 0.9996173217569106,
    "std_train_precision": 0.00026660924645287526,
    "split0_test_recall": 0.8680607746169492,
    "split1_test_recall": 0.8544846099942007,
    "split2_test_recall": 0.8712528175963699,
    "split3_test_recall": 0.8569839393622097,
    "split4_test_recall": 0.8316443624845525,
    "mean_test_recall": 0.8564853008108564,
    "std_test_recall": 0.013952739995613339,
    "rank_test_recall": 2,
    "split0_train_recall": 0.9997485372119805,
    "split1_train_recall": 0.9991973151327223,
    "split2_train_recall": 0.998618245472338,
    "split3_train_recall": 0.9988479682138578,
    "split4_train_recall": 0.9988432679745883,
    "mean_train_recall": 0.9990510668010973,
    "std_train_recall": 0.00039487143214642675,
    "split0_test_f1_score": 0.8780349484535559,
    "split1_test_f1_score": 0.8646548480123404,
    "split2_test_f1_score": 0.8839093820200268,
    "split3_test_f1_score": 0.8644311627837794,
    "split4_test_f1_score": 0.8445342080830867,
    "mean_test_f1_score": 0.8671129098705578,
    "std_test_f1_score": 0.013597382199675101,
    "rank_test_f1_score": 1,
    "split0_train_f1_score": 0.9994173518218322,
    "split1_train_f1_score": 0.9995104015844528,
    "split2_train_f1_score": 0.9991535656244847,
    "split3_train_f1_score": 0.9992912752736859,
    "split4_train_f1_score": 0.9992880431543281,
    "mean_train_f1_score": 0.9993321274917568,
    "std_train_f1_score": 0.00012209955899588766,
    "rank_train_f1_score": 14,
    "rank_train_precision": 11,
    "rank_train_recall": 5,
    "rank_train_accuracy": 4
}