{
    "mean_fit_time": 0.018454933166503908,
    "std_fit_time": 0.00611466254453997,
    "mean_score_time": 0.42235326766967773,
    "std_score_time": 0.07775447721213138,
    "param_metric": "cosine",
    "param_n_neighbors": 7,
    "param_weights": "distance",
    "params": {
        "metric": "cosine",
        "n_neighbors": 7,
        "weights": "distance"
    },
    "split0_test_accuracy": 0.8758503401360545,
    "split1_test_accuracy": 0.86281179138322,
    "split2_test_accuracy": 0.8854225751559841,
    "split3_test_accuracy": 0.8570618264322178,
    "split4_test_accuracy": 0.8457175269427113,
    "mean_test_accuracy": 0.8653728120100375,
    "std_test_accuracy": 0.013955164899374014,
    "rank_test_accuracy": 1,
    "split0_train_accuracy": 0.9994328654473273,
    "split1_train_accuracy": 0.9991492981709911,
    "split2_train_accuracy": 0.9985823646158208,
    "split3_train_accuracy": 0.9988658916926566,
    "split4_train_accuracy": 0.9988658916926566,
    "mean_train_accuracy": 0.9989792623238906,
    "std_train_accuracy": 0.00028910260241463257,
    "split0_test_precision": 0.8921765563526155,
    "split1_test_precision": 0.8908730435016978,
    "split2_test_precision": 0.8986847015151923,
    "split3_test_precision": 0.8746485577500991,
    "split4_test_precision": 0.8657903122071514,
    "mean_test_precision": 0.8844346342653513,
    "std_test_precision": 0.01222974183126678,
    "rank_test_precision": 1,
    "split0_train_precision": 0.9998251748251747,
    "split1_train_precision": 0.9996629429892142,
    "split2_train_precision": 0.9994139431054055,
    "split3_train_precision": 0.9995013276710286,
    "split4_train_precision": 0.9995758242961876,
    "mean_train_precision": 0.9995958425774021,
    "std_train_precision": 0.00014107938343783908,
    "split0_test_recall": 0.8564133963304374,
    "split1_test_recall": 0.8432632349588322,
    "split2_test_recall": 0.8632664300551547,
    "split3_test_recall": 0.8357520921302204,
    "split4_test_recall": 0.8214759953749456,
    "mean_test_recall": 0.844034229769918,
    "std_test_recall": 0.01484037377187429,
    "rank_test_recall": 1,
    "split0_train_recall": 0.9991912034964755,
    "split1_train_recall": 0.9988322910897227,
    "split2_train_recall": 0.9982094309231203,
    "split3_train_recall": 0.9987603872014212,
    "split4_train_recall": 0.9984793750355916,
    "mean_train_recall": 0.9986945375492663,
    "std_train_recall": 0.0003321483475003239,
    "split0_test_f1_score": 0.8724045640751104,
    "split1_test_f1_score": 0.8647459199955232,
    "split2_test_f1_score": 0.8795062894901555,
    "split3_test_f1_score": 0.852743925745627,
    "split4_test_f1_score": 0.8408321434737221,
    "mean_test_f1_score": 0.8620465685560277,
    "std_test_f1_score": 0.013827562469904228,
    "rank_test_f1_score": 1,
    "split0_train_f1_score": 0.9995067560173507,
    "split1_train_f1_score": 0.9992465280660696,
    "split2_train_f1_score": 0.998808665744079,
    "split3_train_f1_score": 0.9991292466522578,
    "split4_train_f1_score": 0.9990247582311169,
    "mean_train_f1_score": 0.9991431909421749,
    "std_train_f1_score": 0.00023194222707104118,
    "rank_train_accuracy": 4,
    "rank_train_f1_score": 4,
    "rank_train_recall": 4,
    "rank_train_precision": 1,
    "embedding_generation_time": 29.302974700927734,
    "embedding_generation_size": 27085952
}