{
    "mean_fit_time": 0.012292909622192382,
    "std_fit_time": 0.0036139773616728405,
    "mean_score_time": 0.40436348915100095,
    "std_score_time": 0.08231139287352518,
    "param_metric": "cosine",
    "param_n_neighbors": 8,
    "param_weights": "distance",
    "params": {
        "metric": "cosine",
        "n_neighbors": 8,
        "weights": "distance"
    },
    "split0_test_accuracy": 0.8893111638954869,
    "split1_test_accuracy": 0.876959619952494,
    "split2_test_accuracy": 0.8836104513064132,
    "split3_test_accuracy": 0.894061757719715,
    "split4_test_accuracy": 0.8816539923954373,
    "mean_test_accuracy": 0.8851193970539093,
    "std_test_accuracy": 0.005973351364052253,
    "rank_test_accuracy": 1,
    "split0_train_accuracy": 1.0,
    "split1_train_accuracy": 1.0,
    "split2_train_accuracy": 1.0,
    "split3_train_accuracy": 1.0,
    "split4_train_accuracy": 1.0,
    "mean_train_accuracy": 1.0,
    "std_train_accuracy": 0.0,
    "split0_test_precision": 0.8962350143044581,
    "split1_test_precision": 0.8820596291713289,
    "split2_test_precision": 0.8853930067214095,
    "split3_test_precision": 0.8943521547111557,
    "split4_test_precision": 0.8870150258856135,
    "mean_test_precision": 0.8890109661587932,
    "std_test_precision": 0.00540573141657475,
    "rank_test_precision": 1,
    "split0_train_precision": 1.0,
    "split1_train_precision": 1.0,
    "split2_train_precision": 1.0,
    "split3_train_precision": 1.0,
    "split4_train_precision": 1.0,
    "mean_train_precision": 1.0,
    "std_train_precision": 0.0,
    "split0_test_recall": 0.8801203018799746,
    "split1_test_recall": 0.8778633385603722,
    "split2_test_recall": 0.8741269714314636,
    "split3_test_recall": 0.89780097209086,
    "split4_test_recall": 0.8838391940985939,
    "mean_test_recall": 0.8827501556122529,
    "std_test_recall": 0.00815928303792664,
    "rank_test_recall": 1,
    "split0_train_recall": 1.0,
    "split1_train_recall": 1.0,
    "split2_train_recall": 1.0,
    "split3_train_recall": 1.0,
    "split4_train_recall": 1.0,
    "mean_train_recall": 1.0,
    "std_train_recall": 0.0,
    "split0_test_f1_score": 0.8871423727127616,
    "split1_test_f1_score": 0.878516204905673,
    "split2_test_f1_score": 0.8784614418790477,
    "split3_test_f1_score": 0.8955592066177727,
    "split4_test_f1_score": 0.8845307561952571,
    "mean_test_f1_score": 0.8848419964621025,
    "std_test_f1_score": 0.006339941806071076,
    "rank_test_f1_score": 1,
    "split0_train_f1_score": 1.0,
    "split1_train_f1_score": 1.0,
    "split2_train_f1_score": 1.0,
    "split3_train_f1_score": 1.0,
    "split4_train_f1_score": 1.0,
    "mean_train_f1_score": 1.0,
    "std_train_f1_score": 0.0,
    "rank_train_f1_score": 1,
    "rank_train_precision": 1,
    "rank_train_recall": 1,
    "rank_train_accuracy": 1
}