{
    "mean_fit_time": 0.0069580078125,
    "std_fit_time": 0.0013055642648098253,
    "mean_score_time": 0.3484597682952881,
    "std_score_time": 0.04138994676374795,
    "param_metric": "cosine",
    "param_n_neighbors": 8,
    "param_weights": "distance",
    "params": {
        "metric": "cosine",
        "n_neighbors": 8,
        "weights": "distance"
    },
    "split0_test_accuracy": 0.8850356294536817,
    "split1_test_accuracy": 0.8660332541567696,
    "split2_test_accuracy": 0.8646080760095012,
    "split3_test_accuracy": 0.8826603325415677,
    "split4_test_accuracy": 0.8773764258555133,
    "mean_test_accuracy": 0.8751427436034067,
    "std_test_accuracy": 0.008406362942266838,
    "rank_test_accuracy": 1,
    "split0_train_accuracy": 1.0,
    "split1_train_accuracy": 1.0,
    "split2_train_accuracy": 1.0,
    "split3_train_accuracy": 1.0,
    "split4_train_accuracy": 1.0,
    "mean_train_accuracy": 1.0,
    "std_train_accuracy": 0.0,
    "split0_test_precision": 0.8854587092011761,
    "split1_test_precision": 0.8773958862363538,
    "split2_test_precision": 0.8666998904685568,
    "split3_test_precision": 0.887369280607016,
    "split4_test_precision": 0.8803689088829907,
    "mean_test_precision": 0.8794585350792186,
    "std_test_precision": 0.007299976675471113,
    "rank_test_precision": 1,
    "split0_train_precision": 1.0,
    "split1_train_precision": 1.0,
    "split2_train_precision": 1.0,
    "split3_train_precision": 1.0,
    "split4_train_precision": 1.0,
    "mean_train_precision": 1.0,
    "std_train_precision": 0.0,
    "split0_test_recall": 0.8725110967841058,
    "split1_test_recall": 0.8637358940806539,
    "split2_test_recall": 0.8525153352816064,
    "split3_test_recall": 0.8817219229241837,
    "split4_test_recall": 0.8731023255586663,
    "mean_test_recall": 0.8687173149258433,
    "std_test_recall": 0.009900097234448828,
    "rank_test_recall": 1,
    "split0_train_recall": 1.0,
    "split1_train_recall": 1.0,
    "split2_train_recall": 1.0,
    "split3_train_recall": 1.0,
    "split4_train_recall": 1.0,
    "mean_train_recall": 1.0,
    "std_train_recall": 0.0,
    "split0_test_f1_score": 0.8776561034809262,
    "split1_test_f1_score": 0.8689380616290059,
    "split2_test_f1_score": 0.8570161523858235,
    "split3_test_f1_score": 0.8831768695757478,
    "split4_test_f1_score": 0.8750811705078178,
    "mean_test_f1_score": 0.8723736715158642,
    "std_test_f1_score": 0.008939804647779,
    "rank_test_f1_score": 1,
    "split0_train_f1_score": 1.0,
    "split1_train_f1_score": 1.0,
    "split2_train_f1_score": 1.0,
    "split3_train_f1_score": 1.0,
    "split4_train_f1_score": 1.0,
    "mean_train_f1_score": 1.0,
    "std_train_f1_score": 0.0,
    "rank_train_accuracy": 1,
    "rank_train_f1_score": 1,
    "rank_train_recall": 1,
    "rank_train_precision": 1,
    "embedding_generation_time": 2.4572598934173584,
    "embedding_generation_size": 16164992
}