{
    "mean_fit_time": 0.5207683086395264,
    "std_fit_time": 0.005392955922890447,
    "mean_score_time": 26.711746835708617,
    "std_score_time": 0.2562109860525422,
    "param_metric": "manhattan",
    "param_n_neighbors": 37,
    "param_weights": "distance",
    "params": {
        "metric": "manhattan",
        "n_neighbors": 37,
        "weights": "distance"
    },
    "split0_test_accuracy": 0.10770975056689343,
    "split1_test_accuracy": 0.10770975056689343,
    "split2_test_accuracy": 0.10720363017583664,
    "split3_test_accuracy": 0.10720363017583664,
    "split4_test_accuracy": 0.10720363017583664,
    "mean_test_accuracy": 0.10740607833225937,
    "std_test_accuracy": 0.00024794734130140016,
    "rank_test_accuracy": 1,
    "split0_train_accuracy": 0.10733021409329363,
    "split1_train_accuracy": 0.10733021409329363,
    "split2_train_accuracy": 0.10745676212078253,
    "split3_train_accuracy": 0.10745676212078253,
    "split4_train_accuracy": 0.10745676212078253,
    "mean_train_accuracy": 0.10740614290978696,
    "std_train_accuracy": 6.199561906070287e-05,
    "split0_test_precision": 0.009791795506081221,
    "split1_test_precision": 0.009791795506081221,
    "split2_test_precision": 0.009745784561439695,
    "split3_test_precision": 0.009745784561439695,
    "split4_test_precision": 0.009745784561439695,
    "mean_test_precision": 0.009764188939296304,
    "std_test_precision": 2.25406673910363e-05,
    "rank_test_precision": 1,
    "split0_train_precision": 0.009757292190299421,
    "split1_train_precision": 0.009757292190299421,
    "split2_train_precision": 0.009768796556434776,
    "split3_train_precision": 0.009768796556434776,
    "split4_train_precision": 0.009768796556434776,
    "mean_train_precision": 0.009764194809980635,
    "std_train_precision": 5.635965369155038e-06,
    "split0_test_recall": 0.09090909090909091,
    "split1_test_recall": 0.09090909090909091,
    "split2_test_recall": 0.09090909090909091,
    "split3_test_recall": 0.09090909090909091,
    "split4_test_recall": 0.09090909090909091,
    "mean_test_recall": 0.09090909090909091,
    "std_test_recall": 0.0,
    "rank_test_recall": 1,
    "split0_train_recall": 0.09090909090909091,
    "split1_train_recall": 0.09090909090909091,
    "split2_train_recall": 0.09090909090909091,
    "split3_train_recall": 0.09090909090909091,
    "split4_train_recall": 0.09090909090909091,
    "mean_train_recall": 0.09090909090909091,
    "std_train_recall": 0.0,
    "split0_test_f1_score": 0.01767935237740765,
    "split1_test_f1_score": 0.01767935237740765,
    "split2_test_f1_score": 0.017604321907600598,
    "split3_test_f1_score": 0.017604321907600598,
    "split4_test_f1_score": 0.017604321907600598,
    "mean_test_f1_score": 0.017634334095523417,
    "std_test_f1_score": 3.675727323771494e-05,
    "rank_test_f1_score": 1,
    "split0_train_f1_score": 0.01762309393551391,
    "split1_train_f1_score": 0.01762309393551391,
    "split2_train_f1_score": 0.017641856351533772,
    "split3_train_f1_score": 0.017641856351533772,
    "split4_train_f1_score": 0.017641856351533772,
    "mean_train_f1_score": 0.017634351385125827,
    "std_train_f1_score": 9.191669118097015e-06,
    "rank_train_f1_score": 1,
    "rank_train_accuracy": 1,
    "rank_train_recall": 1,
    "rank_train_precision": 1,
    "embedding_generation_time": 241.6344873905182,
    "embedding_generation_size": 75672,
    "system_prompt": "You are an intelligent assistant that follows the user\u2019s instructions closely. Respond to the user's queries in a clear, concise, and helpful manner. Ensure that all answers are accurate, relevant, and tailored to the user's needs. Stay focused on providing valuable information and completing tasks as requested by the user.",
    "user_prompt": ""
}