{
    "mean_fit_time": 0.0031097412109375,
    "std_fit_time": 0.0003031318134899422,
    "mean_score_time": 0.08769044876098633,
    "std_score_time": 0.01801296171656677,
    "param_metric": "cosine",
    "param_n_neighbors": 11,
    "param_weights": "distance",
    "params": {
        "metric": "cosine",
        "n_neighbors": 11,
        "weights": "distance"
    },
    "split0_test_accuracy": 0.7933333333333333,
    "split1_test_accuracy": 0.8025,
    "split2_test_accuracy": 0.8216666666666667,
    "split3_test_accuracy": 0.79,
    "split4_test_accuracy": 0.8,
    "mean_test_accuracy": 0.8015000000000001,
    "std_test_accuracy": 0.011035296904831219,
    "rank_test_accuracy": 1,
    "split0_train_accuracy": 1.0,
    "split1_train_accuracy": 1.0,
    "split2_train_accuracy": 1.0,
    "split3_train_accuracy": 1.0,
    "split4_train_accuracy": 1.0,
    "mean_train_accuracy": 1.0,
    "std_train_accuracy": 0.0,
    "split0_test_precision": 0.7974560748843036,
    "split1_test_precision": 0.8122089254021382,
    "split2_test_precision": 0.827960921289975,
    "split3_test_precision": 0.799376203963959,
    "split4_test_precision": 0.807558095435689,
    "mean_test_precision": 0.8089120441952129,
    "std_test_precision": 0.010933744127935697,
    "rank_test_precision": 1,
    "split0_train_precision": 1.0,
    "split1_train_precision": 1.0,
    "split2_train_precision": 1.0,
    "split3_train_precision": 1.0,
    "split4_train_precision": 1.0,
    "mean_train_precision": 1.0,
    "std_train_precision": 0.0,
    "split0_test_recall": 0.7933333333333334,
    "split1_test_recall": 0.8025000000000001,
    "split2_test_recall": 0.8216666666666668,
    "split3_test_recall": 0.79,
    "split4_test_recall": 0.7999999999999999,
    "mean_test_recall": 0.8015000000000001,
    "std_test_recall": 0.011035296904831248,
    "rank_test_recall": 1,
    "split0_train_recall": 1.0,
    "split1_train_recall": 1.0,
    "split2_train_recall": 1.0,
    "split3_train_recall": 1.0,
    "split4_train_recall": 1.0,
    "mean_train_recall": 1.0,
    "std_train_recall": 0.0,
    "split0_test_f1_score": 0.7901494872883092,
    "split1_test_f1_score": 0.7991997450917214,
    "split2_test_f1_score": 0.8197354427787112,
    "split3_test_f1_score": 0.7878726040163405,
    "split4_test_f1_score": 0.7977024189167522,
    "mean_test_f1_score": 0.798931939618367,
    "std_test_f1_score": 0.011258859245569224,
    "rank_test_f1_score": 1,
    "split0_train_f1_score": 1.0,
    "split1_train_f1_score": 1.0,
    "split2_train_f1_score": 1.0,
    "split3_train_f1_score": 1.0,
    "split4_train_f1_score": 1.0,
    "mean_train_f1_score": 1.0,
    "std_train_f1_score": 0.0,
    "rank_train_f1_score": 1,
    "rank_train_precision": 1,
    "rank_train_recall": 1,
    "rank_train_accuracy": 1
}